"context","OV1369-R2","OV2085","OV2295","OV2295-R2","OV3133-R","OV3133-R2","OV3291","TOV1369","TOV2295-R","TOV2835EP","TOV2881EP","TOV2929D","TOV3121D","TOV3121EP","TOV3133D","TOV3133G","OV3331","OV90","TOV81D","TOV21G","TOV3392D","TOV112D","TOV2414"
"A[C>A]A",15,10,10,24,12,7,8,19,8,13,14,29,4,9,8,10,8,11,17,15,11,8,16
"A[C>A]C",15,12,0,9,7,4,7,20,2,9,12,16,4,8,8,10,7,10,7,12,7,7,2
"A[C>A]G",2,2,2,3,1,5,6,5,0,6,7,10,2,5,5,4,2,2,6,4,4,3,2
"A[C>A]T",10,0,1,12,5,3,11,15,1,12,11,19,6,7,5,5,1,7,11,10,8,4,2
"C[C>A]A",5,7,5,14,13,7,5,3,11,6,13,23,4,8,7,9,3,6,2,28,5,5,6
"C[C>A]C",11,7,5,13,4,5,9,20,7,9,6,13,6,5,9,6,4,7,15,48,2,2,5
"C[C>A]G",8,7,4,7,8,5,4,11,5,8,8,15,5,6,8,4,1,6,10,27,6,7,5
"C[C>A]T",6,5,1,8,11,8,9,7,3,14,11,17,4,6,8,8,0,6,13,114,11,5,7
"G[C>A]A",6,6,3,10,4,6,8,8,11,6,10,21,2,7,10,4,5,7,16,15,9,7,4
"G[C>A]C",14,5,8,8,10,8,6,14,5,10,14,14,5,14,13,13,12,16,10,20,3,3,5
"G[C>A]G",2,7,9,14,7,2,14,6,7,12,11,17,2,7,10,5,11,8,9,19,7,6,5
"G[C>A]T",8,8,5,13,5,3,4,8,7,9,9,14,4,6,9,4,6,6,14,23,9,7,9
"T[C>A]A",6,4,5,9,6,5,8,13,4,9,13,16,3,6,6,5,2,8,5,9,3,4,5
"T[C>A]C",12,7,10,14,6,5,6,12,8,8,7,16,3,10,11,6,3,4,11,14,2,9,6
"T[C>A]G",3,2,0,6,4,5,5,6,2,6,6,6,2,3,4,5,1,4,7,4,3,2,7
"T[C>A]T",9,5,6,7,6,9,6,5,6,15,9,20,5,10,6,7,3,5,11,31,9,6,6
"A[C>G]A",6,4,7,5,3,1,5,7,4,4,5,9,5,7,3,4,1,4,3,8,2,2,4
"A[C>G]C",5,4,3,2,3,4,3,11,3,1,3,4,0,1,2,4,0,4,2,3,2,0,3
"A[C>G]G",0,1,3,4,1,1,1,2,2,3,1,2,1,1,1,1,1,3,0,1,3,1,4
"A[C>G]T",5,2,4,7,1,1,3,6,4,2,4,9,3,3,2,2,1,5,5,12,3,3,1
"C[C>G]A",3,4,3,3,0,1,1,4,2,3,3,7,2,1,0,1,3,4,6,2,4,0,3
"C[C>G]C",6,3,3,5,7,5,3,8,1,5,6,4,2,2,5,5,0,6,3,3,1,2,6
"C[C>G]G",4,6,6,5,6,6,3,8,4,3,4,8,2,3,7,6,4,4,1,3,5,2,2
"C[C>G]T",8,8,1,3,3,3,5,12,2,7,4,7,3,6,3,3,3,3,7,3,7,3,3
"G[C>G]A",3,4,2,4,2,3,2,5,3,2,3,1,0,0,2,4,3,3,6,2,3,1,0
"G[C>G]C",5,7,4,5,2,1,4,2,5,7,5,7,3,4,1,4,0,5,7,10,0,4,4
"G[C>G]G",2,1,4,3,2,1,1,0,4,1,1,3,1,2,4,1,1,2,1,3,0,3,1
"G[C>G]T",7,4,4,3,1,0,2,9,3,0,2,7,1,4,1,2,1,5,6,8,1,0,0
"T[C>G]A",6,1,0,2,6,5,1,5,1,1,4,6,3,2,5,7,1,3,3,2,12,2,2
"T[C>G]C",6,4,8,5,4,2,5,10,7,4,3,7,0,0,5,4,4,5,3,4,2,1,3
"T[C>G]G",2,2,0,0,1,0,2,1,0,1,2,1,0,1,1,0,1,0,2,2,1,2,2
"T[C>G]T",9,6,5,7,8,6,8,9,5,4,11,13,7,8,8,7,5,7,9,9,7,2,2
"A[C>T]A",14,10,12,12,6,8,9,18,9,10,9,16,3,2,4,9,7,18,17,103,8,11,8
"A[C>T]C",18,10,8,8,4,6,5,14,7,8,8,14,5,7,4,5,4,9,6,34,7,7,8
"A[C>T]G",20,12,19,20,11,14,14,19,16,13,17,19,11,13,9,13,13,18,10,120,15,6,16
"A[C>T]T",9,6,5,7,3,5,5,6,5,7,2,9,6,5,5,5,5,8,9,60,4,4,3
"C[C>T]A",13,10,4,5,4,6,7,15,5,7,8,13,12,13,3,5,6,12,9,39,15,8,4
"C[C>T]C",10,20,13,18,14,12,7,9,20,13,14,15,12,12,15,15,9,16,6,29,10,5,10
"C[C>T]G",25,17,12,15,19,18,12,22,11,18,14,21,17,16,19,18,12,23,19,101,18,15,18
"C[C>T]T",12,14,8,13,7,7,11,11,13,16,12,15,10,8,7,5,5,7,9,50,6,9,7
"G[C>T]A",16,12,4,5,8,14,7,14,3,7,4,18,4,5,9,6,2,13,7,143,9,3,8
"G[C>T]C",11,11,3,5,7,5,10,11,8,13,16,24,8,10,7,6,4,10,15,117,10,1,7
"G[C>T]G",31,22,11,17,11,10,13,27,11,20,24,30,11,15,12,14,19,27,17,222,21,22,14
"G[C>T]T",7,6,8,9,6,8,10,10,9,8,7,18,5,7,7,7,7,9,10,161,6,3,11
"T[C>T]A",7,9,7,7,8,7,7,6,8,8,7,12,9,9,6,6,6,8,7,37,8,8,8
"T[C>T]C",12,12,10,15,15,11,12,11,14,14,7,14,5,4,11,11,3,10,9,31,8,6,9
"T[C>T]G",9,17,8,7,12,12,8,9,6,12,6,15,11,8,6,9,9,17,13,64,9,11,10
"T[C>T]T",10,7,10,10,7,2,6,17,8,8,5,11,6,3,3,6,5,12,11,28,11,3,8
"A[T>A]A",4,2,1,1,1,2,1,4,1,1,4,6,1,2,1,3,0,2,3,3,3,0,3
"A[T>A]C",1,2,3,3,0,0,4,2,2,0,0,2,2,2,0,1,2,1,1,7,2,2,1
"A[T>A]G",3,3,4,3,2,0,1,5,3,3,3,4,1,1,0,1,2,2,6,4,4,0,2
"A[T>A]T",1,1,0,3,2,2,2,2,0,2,5,4,2,2,2,2,1,4,0,11,1,0,1
"C[T>A]A",3,1,0,2,0,0,0,3,0,3,1,2,0,0,0,0,0,2,0,3,1,1,0
"C[T>A]C",4,1,3,5,3,3,2,3,4,3,5,3,3,3,2,3,1,1,4,3,2,0,1
"C[T>A]G",5,5,4,8,7,4,6,3,6,10,6,13,0,1,4,8,1,3,5,9,2,4,1
"C[T>A]T",7,1,4,4,4,5,2,5,2,1,3,5,2,1,1,3,1,0,2,6,1,1,1
"G[T>A]A",2,2,0,0,1,1,0,5,0,0,0,1,1,1,1,1,0,2,3,2,1,2,3
"G[T>A]C",2,2,1,2,4,5,2,4,4,1,3,7,0,0,3,3,1,3,4,6,0,0,3
"G[T>A]G",8,2,3,5,3,1,2,4,1,5,2,11,1,5,3,3,1,5,10,3,6,4,1
"G[T>A]T",1,2,1,0,1,0,2,4,0,1,1,1,0,1,0,0,1,1,1,0,0,1,1
"T[T>A]A",1,1,1,3,4,0,1,3,1,3,4,6,1,2,1,4,2,1,2,2,0,0,3
"T[T>A]C",6,0,2,2,4,3,1,5,2,0,2,1,0,1,1,2,0,1,2,3,3,0,1
"T[T>A]G",2,0,2,2,1,1,0,5,1,1,1,5,0,1,0,0,0,2,1,2,0,1,1
"T[T>A]T",3,2,1,2,3,4,1,5,0,2,2,11,3,5,5,2,1,2,4,7,1,2,0
"A[T>C]A",8,6,2,5,6,6,5,8,5,8,7,11,6,5,5,8,9,6,15,30,4,5,5
"A[T>C]C",4,4,5,6,2,3,4,8,4,4,6,6,2,1,2,3,3,2,4,28,2,3,4
"A[T>C]G",2,9,4,5,9,8,7,5,5,3,10,15,4,5,8,10,5,10,6,47,7,8,10
"A[T>C]T",6,6,5,6,12,10,3,6,6,8,10,17,5,4,12,8,2,12,12,18,5,4,6
"C[T>C]A",3,3,2,4,2,0,3,2,1,2,3,5,1,1,0,1,1,4,3,13,3,4,2
"C[T>C]C",10,4,6,8,4,5,8,7,7,3,10,9,5,5,8,5,5,6,5,38,4,6,1
"C[T>C]G",3,5,8,7,3,5,5,4,7,10,10,11,5,5,5,5,5,11,12,65,6,4,8
"C[T>C]T",5,6,2,5,7,5,3,7,2,7,4,8,4,5,5,5,6,8,3,33,4,6,4
"G[T>C]A",3,1,3,2,5,3,2,6,1,4,7,10,4,7,4,3,3,3,5,35,3,3,2
"G[T>C]C",7,4,4,3,1,1,2,7,4,3,3,5,1,1,0,1,1,5,5,13,1,1,5
"G[T>C]G",3,5,7,6,4,5,3,4,8,8,4,5,3,3,1,4,3,10,6,46,5,5,2
"G[T>C]T",3,1,5,7,5,5,4,3,6,3,3,6,4,4,5,5,6,6,10,31,4,4,2
"T[T>C]A",5,2,4,4,3,4,3,7,1,1,8,9,2,4,3,3,2,4,7,18,1,0,3
"T[T>C]C",5,4,3,4,2,4,5,6,5,6,4,7,2,2,4,1,2,6,6,12,3,3,1
"T[T>C]G",8,3,2,2,3,3,2,11,4,3,4,10,4,4,2,4,2,6,7,23,8,1,3
"T[T>C]T",2,8,9,6,1,2,14,3,5,1,10,4,4,3,1,3,4,7,8,22,5,3,4
"A[T>G]A",1,2,1,2,0,1,0,2,1,0,5,3,0,1,0,0,0,1,4,0,1,1,2
"A[T>G]C",0,3,1,2,1,2,1,0,0,0,1,1,3,2,1,1,0,6,0,2,1,1,1
"A[T>G]G",2,1,3,2,2,4,3,3,2,2,0,4,2,1,2,2,2,7,5,3,2,1,0
"A[T>G]T",1,4,2,3,2,2,1,2,1,2,1,1,1,1,1,2,1,3,1,3,0,2,1
"C[T>G]A",2,0,1,1,2,1,1,2,0,1,1,0,0,0,1,1,0,5,2,1,0,0,0
"C[T>G]C",1,0,2,4,5,3,1,1,2,2,2,0,1,2,2,3,1,2,4,5,2,1,2
"C[T>G]G",4,0,5,1,4,4,3,6,3,2,1,4,1,2,4,5,5,4,2,11,1,4,2
"C[T>G]T",3,2,2,2,2,2,3,2,2,3,5,1,0,0,2,1,0,4,2,13,1,3,1
"G[T>G]A",2,0,0,1,0,0,1,2,0,0,2,2,0,0,0,0,1,2,0,1,0,2,1
"G[T>G]C",2,2,2,2,0,0,1,2,1,1,3,5,1,1,2,0,0,1,4,5,0,1,1
"G[T>G]G",3,2,4,6,0,0,3,5,4,0,2,4,1,0,0,1,1,4,5,4,0,1,0
"G[T>G]T",2,3,2,3,1,0,2,2,4,2,1,2,0,1,0,0,2,1,2,8,3,1,3
"T[T>G]A",0,2,2,3,0,0,0,1,2,2,1,2,0,0,0,1,1,3,2,0,0,0,1
"T[T>G]C",1,0,1,2,4,2,0,2,1,2,2,1,0,1,2,5,2,2,2,1,2,3,0
"T[T>G]G",2,2,0,2,2,1,0,2,4,1,2,3,3,2,0,1,0,5,3,4,0,1,3
"T[T>G]T",5,5,1,4,2,1,2,6,3,2,3,5,1,0,1,2,0,2,6,6,5,1,2
