cell_line,subtype,n_segments,total_assessed_mb,fga_0.2,fga_0.3,frac_gain,frac_loss,n_segments_auto,total_assessed_autosome_mb,fga_auto_0.2,fga_auto_0.3,frac_gain_auto,frac_loss_auto,chrX_median_log2c,chrX_frac_altered,patient_id,n_lines_in_family,patient_representative,high_fga_flag
TOV3392D,CC,160,2908.412101,0.6881596381447596,0.5854084231786106,0.2911856200532292,0.39697401809153043,156,2753.276036,0.6705886841198657,0.5620478501851167,0.2512467718293103,0.4193419122905554,0.8262949671228679,1,TOV3392D,1,TRUE,FALSE
TOV21G,CC,105,2913.885747,0.12073475199300598,0.1051281740594615,0.10633974249643083,0.014395009496575158,103,2758.19482,0.07110315216964985,0.05461563480131545,0.05589559224826621,0.015207559921383654,0.6475783472317735,1,TOV21G,1,TRUE,FALSE
TOV112D,EC,113,2911.665389,0.2647166545688537,0.22415155239529483,0.2414104936836202,0.023306160885233507,110,2755.989483,0.22565186508732407,0.21896739074022076,0.2180425777045681,0.007609287382755952,0.16625528614200524,1,TOV112D,1,TRUE,FALSE
TOV3121D,HGS,132,2910.243998,0.832016864793479,0.5299875024430856,0.3761628439925744,0.4558540208009047,128,2754.557688,0.8440173194150944,0.6876558175753116,0.3532236809701551,0.49079363844493934,-0.23233057352040443,0.3159744424541888,3121,2,FALSE,TRUE
TOV2929D,HGS,210,2905.625711,0.7569549307997571,0.6197319879098495,0.33994131324645344,0.41701361755330363,201,2750.555446,0.7689391922914176,0.6643718837435135,0.3589028348567237,0.41003635743469397,-1.2277293905856568,0.7687013238805003,TOV2929D,1,TRUE,TRUE
OV2085,HGS,319,2882.566274,0.7029622809636744,0.5837150011698222,0.26230588861735915,0.4406563923463152,292,2728.262894,0.6887406811610582,0.5731305335122884,0.2614155280154611,0.4273251531455971,-0.2862290147294678,0.9634676375851261,OV2085,1,TRUE,FALSE
TOV3121EP,HGS,144,2910.131574,0.6957835525686784,0.6334061430309749,0.30543856880609893,0.39034498376257953,136,2754.494051,0.6794854794914204,0.6528719302723228,0.2866983977377993,0.3927870817536211,-0.26448959946799855,1,3121,2,TRUE,FALSE
OV3291,HGS,453,2864.658821,0.6853050836660175,0.5769064283973243,0.31140528514617133,0.37389979851984617,446,2709.028918,0.6787704995624562,0.5781530793537287,0.29219688270599703,0.38657361685645913,0.7068647085635493,0.9500518033478438,3291,2,FALSE,FALSE
OV2295-R2,HGS,193,2899.069364,0.7060785010592799,0.5562147380893091,0.3672838191532143,0.33879468190606565,191,2743.378437,0.6727799592309764,0.4825026865223553,0.36799486406402776,0.3047850951669487,-0.3319295917781863,1,2295,3,FALSE,FALSE
OV3133-R2,HGS,504,2878.854862,0.6476259073042495,0.5404846161362337,0.3344772641059944,0.31314864319825514,481,2723.382941,0.6721650280763802,0.5712054285794985,0.3457246283015474,0.32644039977483286,0.1202754421955533,0.29817236258372337,3133,4,FALSE,FALSE
TOV1369,HGS,290,2889.790781,0.638678000198105,0.5628785816242107,0.25586765549308466,0.38281034470502034,285,2734.113093,0.6539146367344505,0.5743699805324768,0.2704365060439729,0.38347813069047765,0.10587156537877428,0.29740577853391553,1369,2,FALSE,FALSE
OV1369-R2,HGS,238,2896.615416,0.8544489031332284,0.5879777179229098,0.5068215341570218,0.34762736897620655,232,2741.8906699999998,0.6414685141329869,0.5700009176514685,0.491745543596018,0.14972297053696892,0.514654707012271,1,1369,2,TRUE,FALSE
OV3133-R,HGS,440,2881.788141,0.6154991179832189,0.5135753617496756,0.3185824484937389,0.29691666948948,426,2726.222869,0.627589186656478,0.5371431377278202,0.3214817199891958,0.3061074666672822,0.13336612414999677,0.31515618087306785,3133,4,TRUE,FALSE
TOV2835EP,HGS,191,2896.693315,0.6056994752998213,0.5499479008532873,0.194141582088748,0.41155789321107333,182,2742.563681,0.6223170768372762,0.542663731497143,0.19495610902462032,0.42736096781265587,-0.7986263425234931,0.7408017396576703,TOV2835EP,1,TRUE,FALSE
TOV3133D,HGS,396,2875.753714,0.601268461406219,0.5589007797070344,0.23468404742534915,0.36658441398086983,378,2720.517542,0.6196691280147607,0.5785195106086178,0.23445859773103422,0.3852105302837264,0.09270899751008671,0.3118234131668745,3133,4,FALSE,FALSE
TOV2295-R,HGS,156,2906.235807,0.5467577383681997,0.4150197461936371,0.18123877137957237,0.3655189669886274,154,2750.54488,0.5747033569581311,0.424828128236177,0.19134603177243922,0.38335732518569193,-0.2138180167979284,0.6840052728313449,2295,3,FALSE,FALSE
TOV3133G,HGS,436,2871.909838,0.571543494604652,0.49714093322451997,0.35509959661902174,0.2164438979856303,420,2718.493872,0.5645374119864854,0.5063222526182689,0.3495441199214151,0.21499329206507037,0.413315581953275,0.6804321005285721,3133,4,FALSE,FALSE
TOV2881EP,HGS,181,2901.952828,0.5381660573291717,0.42311197761482017,0.17581903471244156,0.36234702261673013,176,2746.464517,0.5581400962989393,0.43868210950565867,0.22328649003259632,0.33485360626634303,-0.23112872868750037,0.31510340349635674,TOV2881EP,1,TRUE,FALSE
OV3331,HGS,205,2903.46025,0.52185728976313694,0.49834291893612115,0.40784538861863184,0.11401190114450507,185,2749.667289,0.495204471627258,0.48579046793904673,0.3918512629911131,0.10335320863614493,0.5901180403097255,0.9983835346014308,OV3331,1,TRUE,FALSE
OV2295,HGS,192,2905.568838,0.42505583101246075,0.36216292391280114,0.1448857481861526,0.2801700828263082,190,2749.877911,0.3925039892434701,0.38266764564006855,0.15308880198499838,0.23941518725847172,-0.2425139091282675,1,2295,3,TRUE,FALSE
OV90,HGS,171,2894.642599,0.30839218296185933,0.27015532151366645,0.1613039489439228,0.14708823401793653,169,2738.951672,0.2688576018072947,0.23518785620982655,0.11362973585172481,0.1552278659555699,0.6460663427283497,1,OV90,1,TRUE,FALSE
TOV81D,LGS,92,2914.204678,0.07316064125815668,0.059506407463120546,0.06353701076585809,0.009623630492298592,88,2758.541413,0.020859508481122085,0.006434772346120294,0.01069282080051194,0.010166687680610144,0.6835667477568937,1,TOV81D,1,TRUE,FALSE
TOV2414,MC,107,2912.659617,0.35638759947829496,0.28302056587342045,0.08763482059840019,0.2687527788798948,105,2756.96869,0.32112750870594764,0.2901653718091372,0.09258371483355511,0.22854379387239251,-0.38656776723674813,1,TOV2414,1,TRUE,FALSE
