cell_line,histotype_code,histotype_label,histotype_note,contributing_centre,patient_id,models_from_same_patient,selected_patient_model,rna_available,protein_available,copy_number_available,variants_available,rna_sample_id,rna_passage,wes_passage,tmt_plex,tmt_channel,stock_str_documentation,stock_mycoplasma_documentation,rna_pseudoalign_pct,rna_sequenced_fragments_M,rna_assigned_gene_counts_M,rna_genes_detected,prot_n_detected,prot_pct_missing,wes_n_coding,fga_autosome,cellosaurus_accession,str_profile_documented,problematic_flag
OV1369-R2,HGS,High-grade serous carcinoma,consensus,CHUM,1369,2,TRUE,TRUE,TRUE,TRUE,TRUE,OV1369R2p69,p69,P66,1,ch2,Awaiting contributing-laboratory confirmation,Awaiting contributing-laboratory confirmation,93.1,81.3,75.7,19767,7738,8.2,280,0.859,CVCL_9T12,TRUE,
OV1946,HGS,High-grade serous carcinoma,consensus,CHUM,OV1946,1,TRUE,TRUE,TRUE,FALSE,FALSE,OV1946p64,p64,,5,ch2,Awaiting contributing-laboratory confirmation,Awaiting contributing-laboratory confirmation,92.1,48.5,44.6,20074,7653,9.2,,,CVCL_4375,TRUE,
OV2085,HGS,High-grade serous carcinoma,consensus,CHUM,OV2085,1,TRUE,TRUE,TRUE,TRUE,TRUE,OV2085p68,p68,P64,2,ch2,Awaiting contributing-laboratory confirmation,Awaiting contributing-laboratory confirmation,92.2,87.7,80.8,20470,7758,7.9,207,0.681,CVCL_A1SI,TRUE,
OV2295,HGS,High-grade serous carcinoma,consensus,CHUM,2295,3,TRUE,TRUE,TRUE,TRUE,TRUE,OV2295p64,p64,P61,5,ch4,Awaiting contributing-laboratory confirmation,Awaiting contributing-laboratory confirmation,91.9,55.8,51.2,20174,7653,9.2,170,0.396,CVCL_9T13,TRUE,
OV2295-R2,HGS,High-grade serous carcinoma,consensus,CHUM,2295,3,FALSE,TRUE,TRUE,TRUE,TRUE,OV2295R2p67,p67,P70,3,ch2,Awaiting contributing-laboratory confirmation,Awaiting contributing-laboratory confirmation,90,97,87.3,19526,7562,10.3,272,0.669,CVCL_9T14,TRUE,
OV3133-R,HGS,High-grade serous carcinoma,consensus,CHUM,3133,4,TRUE,TRUE,TRUE,TRUE,TRUE,OV3133Rp64,p64,P71,1,ch3,Awaiting contributing-laboratory confirmation,Awaiting contributing-laboratory confirmation,91.2,60,54.8,19761,7738,8.2,186,0.626,CVCL_9T15,TRUE,
OV3133-R2,HGS,High-grade serous carcinoma,consensus,CHUM,3133,4,FALSE,FALSE,FALSE,TRUE,TRUE,,,P58,,,Awaiting contributing-laboratory confirmation,Awaiting contributing-laboratory confirmation,,,,,,,166,0.685,CVCL_9T16,TRUE,
OV3291,HGS,High-grade serous carcinoma,consensus,CHUM,3291,2,FALSE,FALSE,FALSE,TRUE,TRUE,,,P46,,,Awaiting contributing-laboratory confirmation,Awaiting contributing-laboratory confirmation,,,,,,,207,0.668,CVCL_A1SP,TRUE,
OV4453,HGS,High-grade serous carcinoma,consensus,CHUM,OV4453,1,TRUE,TRUE,TRUE,FALSE,FALSE,OV4453p60,p60,,4,ch2,Awaiting contributing-laboratory confirmation,Awaiting contributing-laboratory confirmation,89.6,85,76.2,21292,7694,8.7,,,CVCL_9T20,TRUE,
OV4485,HGS,High-grade serous carcinoma,consensus,CHUM,OV4485,1,TRUE,TRUE,TRUE,FALSE,FALSE,OV4485p60,p60,,2,ch3,Awaiting contributing-laboratory confirmation,Awaiting contributing-laboratory confirmation,92.5,52.1,48.2,19696,7758,7.9,,,CVCL_9T21,TRUE,
OV866-2,HGS,High-grade serous carcinoma,consensus,CHUM,OV866-2,1,TRUE,TRUE,TRUE,FALSE,FALSE,OV866-2p67,p67,,1,ch4,Awaiting contributing-laboratory confirmation,Awaiting contributing-laboratory confirmation,93,46.1,42.9,19121,7738,8.2,,,CVCL_9T22,TRUE,
TOV1369,HGS,High-grade serous carcinoma,consensus,CHUM,1369,2,FALSE,TRUE,TRUE,TRUE,TRUE,TOV1369p65,p65,P65,2,ch4,Awaiting contributing-laboratory confirmation,Awaiting contributing-laboratory confirmation,93.1,66.1,61.5,19808,7758,7.9,321,0.674,CVCL_9T17,TRUE,
TOV2295-R,HGS,High-grade serous carcinoma,consensus,CHUM,2295,3,FALSE,FALSE,FALSE,TRUE,TRUE,,,P57,,,Awaiting contributing-laboratory confirmation,Awaiting contributing-laboratory confirmation,,,,,,,190,0.568,CVCL_9T18,TRUE,
TOV2835EP,HGS,High-grade serous carcinoma,consensus,CHUM,TOV2835EP,1,TRUE,FALSE,FALSE,TRUE,TRUE,,,P64,,,Awaiting contributing-laboratory confirmation,Awaiting contributing-laboratory confirmation,,,,,,,252,0.612,CVCL_A1SJ,TRUE,
TOV2881EP,HGS,High-grade serous carcinoma,consensus,CHUM,TOV2881EP,1,TRUE,FALSE,FALSE,TRUE,TRUE,,,P64,,,Awaiting contributing-laboratory confirmation,Awaiting contributing-laboratory confirmation,,,,,,,240,0.569,CVCL_A1SK,TRUE,
TOV2929D,HGS,High-grade serous carcinoma,consensus,CHUM,TOV2929D,1,TRUE,FALSE,FALSE,TRUE,TRUE,,,P57,,,Awaiting contributing-laboratory confirmation,Awaiting contributing-laboratory confirmation,,,,,,,413,0.768,CVCL_A1SL,TRUE,
TOV3041G,HGS,High-grade serous carcinoma,consensus,CHUM,TOV3041G,1,TRUE,TRUE,TRUE,FALSE,FALSE,TOV3041Gp67,p67,,3,ch4,Awaiting contributing-laboratory confirmation,Awaiting contributing-laboratory confirmation,92.8,86.3,80.1,20485,7562,10.3,,,CVCL_9T24,TRUE,
TOV3121D,HGS,High-grade serous carcinoma,consensus,CHUM,3121,2,TRUE,FALSE,FALSE,TRUE,TRUE,,,P68,,,Awaiting contributing-laboratory confirmation,Awaiting contributing-laboratory confirmation,,,,,,,158,0.834,,FALSE,
TOV3121EP,HGS,High-grade serous carcinoma,consensus,CHUM,3121,2,FALSE,FALSE,FALSE,TRUE,TRUE,,,P68,,,Awaiting contributing-laboratory confirmation,Awaiting contributing-laboratory confirmation,,,,,,,206,0.667,CVCL_A1SN,TRUE,
TOV3133D,HGS,High-grade serous carcinoma,consensus,CHUM,3133,4,FALSE,FALSE,FALSE,TRUE,TRUE,,,P66,,,Awaiting contributing-laboratory confirmation,Awaiting contributing-laboratory confirmation,,,,,,,189,0.605,CVCL_9T19,TRUE,
TOV3133G,HGS,High-grade serous carcinoma,consensus,CHUM,3133,4,FALSE,TRUE,TRUE,TRUE,TRUE,TOV3133Gp61,p61,P65,4,ch4,Awaiting contributing-laboratory confirmation,Awaiting contributing-laboratory confirmation,89.3,64.3,57.5,20346,7694,8.7,191,0.58,CVCL_4064,TRUE,
TOV3291G,HGS,High-grade serous carcinoma,consensus,CHUM,3291,2,TRUE,TRUE,TRUE,FALSE,FALSE,TOV3291Gp62,p62,,2,ch8,Awaiting contributing-laboratory confirmation,Awaiting contributing-laboratory confirmation,92.4,45.1,41.6,19962,7758,7.9,,,CVCL_9T25,TRUE,
OV3331,HGS,High-grade serous carcinoma,"CONFLICT: Adenocarcinoma (annotation_cleaned/TMT layout/Cell lines Subtypes.xlsx) vs HGS (annotation.csv/updated, summary, ConsensusOV)",CHUM,OV3331,1,TRUE,TRUE,TRUE,TRUE,TRUE,OV3331p71,p71,P54,4,ch3,Awaiting contributing-laboratory confirmation,Awaiting contributing-laboratory confirmation,93,59.5,55.3,20551,7694,8.7,155,0.495,CVCL_A1SQ,TRUE,
OV90,HGS,High-grade serous carcinoma,"CONFLICT: Adenocarcinoma (annotation_cleaned/TMT layout/Cell lines Subtypes.xlsx) vs HGS (annotation.csv/updated, summary, ConsensusOV)",CHUM,OV90,1,TRUE,TRUE,TRUE,TRUE,TRUE,OV90p70,p70,P63,5,ch3,Awaiting contributing-laboratory confirmation,Awaiting contributing-laboratory confirmation,91.3,48.8,44.5,20284,7653,9.2,240,0.28,CVCL_3768,TRUE,
TOV81D,LGS,Low-grade serous carcinoma,consensus,CHUM,TOV81D,1,TRUE,FALSE,FALSE,TRUE,TRUE,,,P23,,,Awaiting contributing-laboratory confirmation,Awaiting contributing-laboratory confirmation,,,,,,,264,0.023,CVCL_A453,TRUE,
TOV21G,CC,Clear cell carcinoma,consensus,CHUM,TOV21G,1,TRUE,TRUE,TRUE,TRUE,TRUE,TOV21Gp63,p63,P59,5,ch5,Awaiting contributing-laboratory confirmation,Awaiting contributing-laboratory confirmation,91.9,67,61.6,20573,7653,9.2,1416,0.078,CVCL_3613,TRUE,
TOV3392D,CC,Clear cell carcinoma,consensus,CHUM,TOV3392D,1,TRUE,TRUE,TRUE,TRUE,TRUE,TOV3392Dp69,p69,P69,1,ch7,Awaiting contributing-laboratory confirmation,Awaiting contributing-laboratory confirmation,92.3,52.6,48.5,18907,7738,8.2,196,0.688,CVCL_A1SS,TRUE,
VOA10816,CC,Clear cell carcinoma,consensus,BC Cancer-OVCARE,VOA10816,1,TRUE,TRUE,TRUE,FALSE,FALSE,VOA10816p20,p20,,1,ch6,Awaiting contributing-laboratory confirmation,Awaiting contributing-laboratory confirmation,86.6,57.7,49.9,20643,7738,8.2,,,,FALSE,
VOA12539,CC,Clear cell carcinoma,consensus,BC Cancer-OVCARE,VOA12539,1,TRUE,TRUE,TRUE,FALSE,FALSE,VOA12539p41,p41,,2,ch7,Awaiting contributing-laboratory confirmation,Awaiting contributing-laboratory confirmation,89.3,77.8,69.5,20974,7758,7.9,,,,FALSE,
VOA14993,CC,Clear cell carcinoma,consensus,BC Cancer-OVCARE,VOA14993,1,TRUE,FALSE,TRUE,FALSE,FALSE,,,,3,ch6,Awaiting contributing-laboratory confirmation,Awaiting contributing-laboratory confirmation,,,,,7562,10.3,,,,FALSE,
VOA295,CC,Clear cell carcinoma,consensus,BC Cancer-OVCARE,VOA295,1,TRUE,TRUE,TRUE,FALSE,FALSE,VOA295p31,p31,,2,ch6,Awaiting contributing-laboratory confirmation,Awaiting contributing-laboratory confirmation,86.9,90.1,78.3,21057,7758,7.9,,,,FALSE,
VOA4841,CC,Clear cell carcinoma,consensus,BC Cancer-OVCARE,VOA4841,1,TRUE,TRUE,TRUE,FALSE,FALSE,VOA4841p43,p43,,3,ch7,Awaiting contributing-laboratory confirmation,Awaiting contributing-laboratory confirmation,85.8,86.3,74,20912,7562,10.3,,,,FALSE,
VOA6861,CC,Clear cell carcinoma,consensus,BC Cancer-OVCARE,VOA6861,1,TRUE,TRUE,FALSE,FALSE,FALSE,VOA6861p17,p17,,,,Awaiting contributing-laboratory confirmation,Awaiting contributing-laboratory confirmation,88,80.2,70.6,21208,,,,,,FALSE,
TOV112D,EC,Endometrioid carcinoma (historical grouping),Published reassignment to dedifferentiated ovarian carcinoma; retained in the historical EC group for analysis.,CHUM,TOV112D,1,TRUE,TRUE,TRUE,TRUE,TRUE,TOV112Dp63,p63,P83,4,ch6,Awaiting contributing-laboratory confirmation,Awaiting contributing-laboratory confirmation,91.1,51.3,46.7,19841,7694,8.7,133,0.233,CVCL_3612,TRUE,
VOA4395,EC,Endometrioid carcinoma (historical grouping),consensus,BC Cancer-OVCARE,VOA4395,1,TRUE,TRUE,TRUE,FALSE,FALSE,VOA4395p39-40,p39-40,,1,ch8,Awaiting contributing-laboratory confirmation,Awaiting contributing-laboratory confirmation,88.6,50.9,45.1,19686,7738,8.2,,,,FALSE,
TOV2414,MC,Mucinous carcinoma,consensus,CHUM,TOV2414,1,TRUE,TRUE,TRUE,TRUE,TRUE,TOV2414p69,p69,P65,5,ch6,Awaiting contributing-laboratory confirmation,Awaiting contributing-laboratory confirmation,92.9,83.4,77.5,19582,7653,9.2,142,0.331,CVCL_A1SR,TRUE,
VOA8762,MC,Mucinous carcinoma,consensus,BC Cancer-OVCARE,VOA8762,1,TRUE,TRUE,TRUE,FALSE,FALSE,VOA8762p27,p27,,4,ch7,Awaiting contributing-laboratory confirmation,Awaiting contributing-laboratory confirmation,85.8,87.2,74.8,21788,7694,8.7,,,,FALSE,
VOA8771,MC,Mucinous carcinoma,consensus,BC Cancer-OVCARE,VOA8771,1,TRUE,TRUE,TRUE,FALSE,FALSE,VOA8771p28,p28,,5,ch8,Awaiting contributing-laboratory confirmation,Awaiting contributing-laboratory confirmation,88.1,74.7,65.8,21476,7653,9.2,,,,FALSE,
VOA5217,MMMT,Carcinosarcoma,consensus,BC Cancer-OVCARE,VOA5217,1,TRUE,TRUE,TRUE,FALSE,FALSE,VOA5217p36,p36,,4,ch8,Awaiting contributing-laboratory confirmation,Awaiting contributing-laboratory confirmation,89.9,49.1,44.1,19788,7694,8.7,,,,FALSE,
VOA5436,MMMT,Carcinosarcoma,consensus,BC Cancer-OVCARE,VOA5436,1,TRUE,TRUE,TRUE,FALSE,FALSE,VOA5436p35,p35,,5,ch7,Awaiting contributing-laboratory confirmation,Awaiting contributing-laboratory confirmation,88.8,81.9,72.7,20464,7653,9.2,,,,FALSE,
BIN67,SCCOHT,"Small cell carcinoma of the ovary, hypercalcaemic type",consensus,OHRI,BIN67,1,TRUE,TRUE,TRUE,FALSE,FALSE,BIN67p51,p51,,3,ch3,Awaiting contributing-laboratory confirmation,Awaiting contributing-laboratory confirmation,87.9,50.5,44.4,20270,7562,10.3,,,CVCL_S987,TRUE,
COV434,SCCOHT,"Small cell carcinoma of the ovary, hypercalcaemic type",consensus,BC Cancer-OVCARE,COV434,1,TRUE,TRUE,TRUE,FALSE,FALSE,COV434p46,p46,,1,ch10,Awaiting contributing-laboratory confirmation,Awaiting contributing-laboratory confirmation,89.1,52.6,46.8,20184,7738,8.2,,,CVCL_2010,TRUE,"Misclassified. Originally thought to be an ovarian granulosa cell tumor but seems to be a small cell carcinoma of the ovary, hypercalcemic type (SCCOHT) (PubMed=33328126)."
