cohort,metric,n,n_primary_verified,minimum,median,maximum,minimum_models,maximum_models,status,source_ids,unit,denominator,alignment_stage,notes
baseline_models,fastp_reads_before,23,23,111671640,125534004,138652042,TOV2414,OV3133-R2,validated_recovered_reports,WQC0011,read ends (R1+R2),both reads from each paired fragment,fastp,
baseline_models,fastp_pairs_before,23,23,55835820,62767002,69326021,TOV2414,OV3133-R2,validated_recovered_reports,WQC0011,paired fragments,R1+R2 count divided by two; paired-end balance verified,fastp,
baseline_models,fastp_reads_after,23,23,108382950,123188938,136781554,TOV2414,OV3133-R2,validated_recovered_reports,WQC0011,read ends (R1+R2),both reads from each paired fragment,fastp,
baseline_models,fastp_pairs_after,23,23,54191475,61594469,68390777,TOV2414,OV3133-R2,validated_recovered_reports,WQC0011,paired fragments,R1+R2 count divided by two; paired-end balance verified,fastp,
baseline_models,fastp_read_retention_fraction,23,23,0.9701125265545327,0.9856299432342495,0.9887504509128556,TOV3392D,OV1369-R2,validated_recovered_reports,WQC0011,fraction,fastp reads before filtering (R1+R2),fastp,
baseline_models,fastp_bases_after,23,23,10838295000,12318893800,13678155400,TOV2414,OV3133-R2,validated_recovered_reports,WQC0011,bases,both mates after fastp filtering,fastp,
baseline_models,fastp_q30_bases_after,23,23,9573493912,11192875598,12572648431,TOV2414,OV3133-R2,validated_recovered_reports,WQC0011,bases,bases after filtering with Phred quality >=30,fastp,
baseline_models,fastp_q30_fraction_after,23,23,0.8813330739801274,0.9196756315416982,0.930489356061147,TOV2881EP,TOV3133G,validated_recovered_reports,WQC0011,fraction,all bases after fastp filtering,fastp,Recomputed from integer base counts; source q30_rate is rounded to six decimals.
baseline_models,fastp_gc_fraction_after,23,23,0.421606,0.435285,0.47134,TOV2929D,OV90,validated_recovered_reports,WQC0011,fraction,all bases after fastp filtering,fastp,Source precision six decimals.
baseline_models,fastp_read1_mean_length_after,23,23,99,100,100,TOV81D,OV1369-R2;OV2085;OV2295;OV2295-R2;OV3133-R;OV3133-R2;OV3291;OV3331;OV90;TOV112D;TOV1369;TOV21G;TOV2295-R;TOV2414;TOV2835EP;TOV2881EP;TOV2929D;TOV3121D;TOV3121EP;TOV3133D;TOV3133G;TOV3392D,validated_recovered_reports,WQC0011,bp,read1 after fastp filtering,fastp,
baseline_models,fastp_read2_mean_length_after,23,23,99,100,100,TOV81D,OV1369-R2;OV2085;OV2295;OV2295-R2;OV3133-R;OV3133-R2;OV3291;OV3331;OV90;TOV112D;TOV1369;TOV21G;TOV2295-R;TOV2414;TOV2835EP;TOV2881EP;TOV2929D;TOV3121D;TOV3121EP;TOV3133D;TOV3133G;TOV3392D,validated_recovered_reports,WQC0011,bp,read2 after fastp filtering,fastp,
baseline_models,md_primary_reads,23,23,108382950,123188938,136781554,TOV2414,OV3133-R2,validated_recovered_reports,WQC0018;WQC0026;WQC0034;WQC0042;WQC0050;WQC0058;WQC0066;WQC0074;WQC0082;WQC0090;WQC0098;WQC0106;WQC0114;WQC0122;WQC0130;WQC0138;WQC0146;WQC0154;WQC0162;WQC0170;WQC0178;WQC0186;WQC0194,read ends,"md primary read ends, excluding secondary and supplementary alignments",md,
baseline_models,md_mapped_reads,23,23,108199489,123144902,136759731,TOV2414,OV3133-R2,validated_recovered_reports,WQC0018;WQC0026;WQC0034;WQC0042;WQC0050;WQC0058;WQC0066;WQC0074;WQC0082;WQC0090;WQC0098;WQC0106;WQC0114;WQC0122;WQC0130;WQC0138;WQC0146;WQC0154;WQC0162;WQC0170;WQC0178;WQC0186;WQC0194,read ends,"md primary read ends, excluding secondary and supplementary alignments",md,
baseline_models,md_unmapped_reads,23,23,21823,60860,183461,OV3133-R2,TOV2414,validated_recovered_reports,WQC0018;WQC0026;WQC0034;WQC0042;WQC0050;WQC0058;WQC0066;WQC0074;WQC0082;WQC0090;WQC0098;WQC0106;WQC0114;WQC0122;WQC0130;WQC0138;WQC0146;WQC0154;WQC0162;WQC0170;WQC0178;WQC0186;WQC0194,read ends,"md primary read ends, excluding secondary and supplementary alignments",md,
baseline_models,md_properly_paired_reads,23,23,107201990,122102530,135578352,TOV2414,OV3133-R2,validated_recovered_reports,WQC0018;WQC0026;WQC0034;WQC0042;WQC0050;WQC0058;WQC0066;WQC0074;WQC0082;WQC0090;WQC0098;WQC0106;WQC0114;WQC0122;WQC0130;WQC0138;WQC0146;WQC0154;WQC0162;WQC0170;WQC0178;WQC0186;WQC0194,read ends,"md primary read ends, excluding secondary and supplementary alignments",md,
baseline_models,md_mq0_reads,23,23,13955311,16327717,18854927,OV2295,TOV81D,validated_recovered_reports,WQC0018;WQC0026;WQC0034;WQC0042;WQC0050;WQC0058;WQC0066;WQC0074;WQC0082;WQC0090;WQC0098;WQC0106;WQC0114;WQC0122;WQC0130;WQC0138;WQC0146;WQC0154;WQC0162;WQC0170;WQC0178;WQC0186;WQC0194,read ends,"md primary read ends, excluding secondary and supplementary alignments",md,
baseline_models,md_duplicate_reads,23,23,16311467,24476850,31212239,TOV2414,OV3133-R,validated_recovered_reports,WQC0018;WQC0026;WQC0034;WQC0042;WQC0050;WQC0058;WQC0066;WQC0074;WQC0082;WQC0090;WQC0098;WQC0106;WQC0114;WQC0122;WQC0130;WQC0138;WQC0146;WQC0154;WQC0162;WQC0170;WQC0178;WQC0186;WQC0194,read ends,"md primary read ends, excluding secondary and supplementary alignments",md,
baseline_models,md_supplementary_alignments,23,23,450965,508251,886819,OV3331,TOV81D,validated_recovered_reports,WQC0018;WQC0026;WQC0034;WQC0042;WQC0050;WQC0058;WQC0066;WQC0074;WQC0082;WQC0090;WQC0098;WQC0106;WQC0114;WQC0122;WQC0130;WQC0138;WQC0146;WQC0154;WQC0162;WQC0170;WQC0178;WQC0186;WQC0194,alignments,all md alignment records; supplementary records excluded from primary-read fractions,md,
baseline_models,md_mapped_fraction,23,23,0.9983072891077425,0.9994912001829641,0.9998404536330974,TOV2414,OV3133-R2,validated_recovered_reports,WQC0018;WQC0026;WQC0034;WQC0042;WQC0050;WQC0058;WQC0066;WQC0074;WQC0082;WQC0090;WQC0098;WQC0106;WQC0114;WQC0122;WQC0130;WQC0138;WQC0146;WQC0154;WQC0162;WQC0170;WQC0178;WQC0186;WQC0194,fraction,"md primary read ends, excluding secondary and supplementary alignments",md,
baseline_models,md_properly_paired_fraction,23,23,0.9857240225461709,0.9908978763727448,0.9924817142215809,TOV3392D,TOV1369,validated_recovered_reports,WQC0018;WQC0026;WQC0034;WQC0042;WQC0050;WQC0058;WQC0066;WQC0074;WQC0082;WQC0090;WQC0098;WQC0106;WQC0114;WQC0122;WQC0130;WQC0138;WQC0146;WQC0154;WQC0162;WQC0170;WQC0178;WQC0186;WQC0194,fraction,"md primary read ends, excluding secondary and supplementary alignments",md,
baseline_models,md_mq0_fraction_of_mapped,23,23,0.1225809769631075,0.13194674249994875,0.15953801594730924,OV2295,OV90,validated_recovered_reports,WQC0018;WQC0026;WQC0034;WQC0042;WQC0050;WQC0058;WQC0066;WQC0074;WQC0082;WQC0090;WQC0098;WQC0106;WQC0114;WQC0122;WQC0130;WQC0138;WQC0146;WQC0154;WQC0162;WQC0170;WQC0178;WQC0186;WQC0194,fraction,md mapped primary read ends,md,
baseline_models,mosdepth_md_target_depth_sum,23,23,4441545825,5017587171,5654257663,TOV2929D,OV3133-R2,validated_recovered_reports,WQC0019;WQC0027;WQC0035;WQC0043;WQC0051;WQC0059;WQC0067;WQC0075;WQC0083;WQC0091;WQC0099;WQC0107;WQC0115;WQC0123;WQC0131;WQC0139;WQC0147;WQC0155;WQC0163;WQC0171;WQC0179;WQC0187;WQC0195,read-base depth sum,63709951 summed BED bases; overlapping intervals counted repeatedly,md,
baseline_models,mosdepth_md_mean_target_depth_x,23,23,69.71510345377601,78.75672626086308,88.74999233636203,TOV2929D,OV3133-R2,validated_recovered_reports,WQC0019;WQC0027;WQC0035;WQC0043;WQC0051;WQC0059;WQC0067;WQC0075;WQC0083;WQC0091;WQC0099;WQC0107;WQC0115;WQC0123;WQC0131;WQC0139;WQC0147;WQC0155;WQC0163;WQC0171;WQC0179;WQC0187;WQC0195,x,63709951 summed BED bases; overlapping intervals counted repeatedly,md,"Recomputed from integer sum/length; duplicates excluded (FLAG 1796), MAPQ>=0, overlapping mates corrected; source mean printed to two decimals."
baseline_models,mosdepth_md_fraction_target_ge_1x,23,23,0.99,0.99,0.99,OV1369-R2;OV2085;OV2295;OV2295-R2;OV3133-R;OV3133-R2;OV3291;OV3331;OV90;TOV112D;TOV1369;TOV21G;TOV2295-R;TOV2414;TOV2835EP;TOV2881EP;TOV2929D;TOV3121D;TOV3121EP;TOV3133D;TOV3133G;TOV3392D;TOV81D,OV1369-R2;OV2085;OV2295;OV2295-R2;OV3133-R;OV3133-R2;OV3291;OV3331;OV90;TOV112D;TOV1369;TOV21G;TOV2295-R;TOV2414;TOV2835EP;TOV2881EP;TOV2929D;TOV3121D;TOV3121EP;TOV3133D;TOV3133G;TOV3392D;TOV81D,validated_recovered_reports,WQC0020;WQC0028;WQC0036;WQC0044;WQC0052;WQC0060;WQC0068;WQC0076;WQC0084;WQC0092;WQC0100;WQC0108;WQC0116;WQC0124;WQC0132;WQC0140;WQC0148;WQC0156;WQC0164;WQC0172;WQC0180;WQC0188;WQC0196,fraction,63709951 summed BED bases; overlapping intervals counted repeatedly,md,"Cumulative per-base BED coverage, rounded to two decimals; exact base count unavailable, do not multiply into a claimed exact count."
baseline_models,mosdepth_md_fraction_target_ge_10x,23,23,0.91,0.95,0.97,TOV2929D,OV90;TOV3392D,validated_recovered_reports,WQC0020;WQC0028;WQC0036;WQC0044;WQC0052;WQC0060;WQC0068;WQC0076;WQC0084;WQC0092;WQC0100;WQC0108;WQC0116;WQC0124;WQC0132;WQC0140;WQC0148;WQC0156;WQC0164;WQC0172;WQC0180;WQC0188;WQC0196,fraction,63709951 summed BED bases; overlapping intervals counted repeatedly,md,"Cumulative per-base BED coverage, rounded to two decimals; exact base count unavailable, do not multiply into a claimed exact count."
baseline_models,mosdepth_md_fraction_target_ge_20x,23,23,0.79,0.88,0.92,TOV2929D,TOV2414,validated_recovered_reports,WQC0020;WQC0028;WQC0036;WQC0044;WQC0052;WQC0060;WQC0068;WQC0076;WQC0084;WQC0092;WQC0100;WQC0108;WQC0116;WQC0124;WQC0132;WQC0140;WQC0148;WQC0156;WQC0164;WQC0172;WQC0180;WQC0188;WQC0196,fraction,63709951 summed BED bases; overlapping intervals counted repeatedly,md,"Cumulative per-base BED coverage, rounded to two decimals; exact base count unavailable, do not multiply into a claimed exact count."
baseline_models,mosdepth_md_fraction_target_ge_30x,23,23,0.66,0.78,0.84,TOV2929D,TOV21G,validated_recovered_reports,WQC0020;WQC0028;WQC0036;WQC0044;WQC0052;WQC0060;WQC0068;WQC0076;WQC0084;WQC0092;WQC0100;WQC0108;WQC0116;WQC0124;WQC0132;WQC0140;WQC0148;WQC0156;WQC0164;WQC0172;WQC0180;WQC0188;WQC0196,fraction,63709951 summed BED bases; overlapping intervals counted repeatedly,md,"Cumulative per-base BED coverage, rounded to two decimals; exact base count unavailable, do not multiply into a claimed exact count."
baseline_models,mosdepth_md_fraction_target_ge_50x,23,23,0.46,0.57,0.65,TOV2929D,TOV21G,validated_recovered_reports,WQC0020;WQC0028;WQC0036;WQC0044;WQC0052;WQC0060;WQC0068;WQC0076;WQC0084;WQC0092;WQC0100;WQC0108;WQC0116;WQC0124;WQC0132;WQC0140;WQC0148;WQC0156;WQC0164;WQC0172;WQC0180;WQC0188;WQC0196,fraction,63709951 summed BED bases; overlapping intervals counted repeatedly,md,"Cumulative per-base BED coverage, rounded to two decimals; exact base count unavailable, do not multiply into a claimed exact count."
baseline_models,mosdepth_md_fraction_target_ge_100x,23,23,0.13,0.22,0.27,OV90,OV3133-R2,validated_recovered_reports,WQC0020;WQC0028;WQC0036;WQC0044;WQC0052;WQC0060;WQC0068;WQC0076;WQC0084;WQC0092;WQC0100;WQC0108;WQC0116;WQC0124;WQC0132;WQC0140;WQC0148;WQC0156;WQC0164;WQC0172;WQC0180;WQC0188;WQC0196,fraction,63709951 summed BED bases; overlapping intervals counted repeatedly,md,"Cumulative per-base BED coverage, rounded to two decimals; exact base count unavailable, do not multiply into a claimed exact count."
baseline_models,recal_primary_reads,23,23,74484274,90952355,100500654,TOV2414,OV3133-R2,validated_recovered_reports,WQC0021;WQC0029;WQC0037;WQC0045;WQC0053;WQC0061;WQC0069;WQC0077;WQC0085;WQC0093;WQC0101;WQC0109;WQC0117;WQC0125;WQC0133;WQC0141;WQC0149;WQC0157;WQC0165;WQC0173;WQC0181;WQC0189;WQC0197,read ends,"recal primary read ends, excluding secondary and supplementary alignments",recal,
baseline_models,recal_mapped_reads,23,23,74482606,90950791,100499281,TOV2414,OV3133-R2,validated_recovered_reports,WQC0021;WQC0029;WQC0037;WQC0045;WQC0053;WQC0061;WQC0069;WQC0077;WQC0085;WQC0093;WQC0101;WQC0109;WQC0117;WQC0125;WQC0133;WQC0141;WQC0149;WQC0157;WQC0165;WQC0173;WQC0181;WQC0189;WQC0197,read ends,"recal primary read ends, excluding secondary and supplementary alignments",recal,
baseline_models,recal_unmapped_reads,23,23,920,1464,3029,TOV2929D,TOV3392D,validated_recovered_reports,WQC0021;WQC0029;WQC0037;WQC0045;WQC0053;WQC0061;WQC0069;WQC0077;WQC0085;WQC0093;WQC0101;WQC0109;WQC0117;WQC0125;WQC0133;WQC0141;WQC0149;WQC0157;WQC0165;WQC0173;WQC0181;WQC0189;WQC0197,read ends,"recal primary read ends, excluding secondary and supplementary alignments",recal,
baseline_models,recal_properly_paired_reads,23,23,74151398,90515134,100039223,TOV2414,OV3133-R2,validated_recovered_reports,WQC0021;WQC0029;WQC0037;WQC0045;WQC0053;WQC0061;WQC0069;WQC0077;WQC0085;WQC0093;WQC0101;WQC0109;WQC0117;WQC0125;WQC0133;WQC0141;WQC0149;WQC0157;WQC0165;WQC0173;WQC0181;WQC0189;WQC0197,read ends,"recal primary read ends, excluding secondary and supplementary alignments",recal,
baseline_models,recal_mq0_reads,23,23,8845548,10673740,12476467,OV2085,TOV81D,validated_recovered_reports,WQC0021;WQC0029;WQC0037;WQC0045;WQC0053;WQC0061;WQC0069;WQC0077;WQC0085;WQC0093;WQC0101;WQC0109;WQC0117;WQC0125;WQC0133;WQC0141;WQC0149;WQC0157;WQC0165;WQC0173;WQC0181;WQC0189;WQC0197,read ends,"recal primary read ends, excluding secondary and supplementary alignments",recal,
baseline_models,recal_duplicate_reads,23,23,11352690,18482663,23845738,TOV2414,OV3133-R,validated_recovered_reports,WQC0021;WQC0029;WQC0037;WQC0045;WQC0053;WQC0061;WQC0069;WQC0077;WQC0085;WQC0093;WQC0101;WQC0109;WQC0117;WQC0125;WQC0133;WQC0141;WQC0149;WQC0157;WQC0165;WQC0173;WQC0181;WQC0189;WQC0197,read ends,"recal primary read ends, excluding secondary and supplementary alignments",recal,
baseline_models,recal_supplementary_alignments,23,23,26358,61490,140302,TOV2414,TOV81D,validated_recovered_reports,WQC0021;WQC0029;WQC0037;WQC0045;WQC0053;WQC0061;WQC0069;WQC0077;WQC0085;WQC0093;WQC0101;WQC0109;WQC0117;WQC0125;WQC0133;WQC0141;WQC0149;WQC0157;WQC0165;WQC0173;WQC0181;WQC0189;WQC0197,alignments,all recal alignment records; supplementary records excluded from primary-read fractions,recal,
baseline_models,recal_mapped_fraction,23,23,0.9999630680741961,0.9999828439181523,0.9999892910580311,TOV3392D,TOV2929D,validated_recovered_reports,WQC0021;WQC0029;WQC0037;WQC0045;WQC0053;WQC0061;WQC0069;WQC0077;WQC0085;WQC0093;WQC0101;WQC0109;WQC0117;WQC0125;WQC0133;WQC0141;WQC0149;WQC0157;WQC0165;WQC0173;WQC0181;WQC0189;WQC0197,fraction,"recal primary read ends, excluding secondary and supplementary alignments",recal,
baseline_models,recal_properly_paired_fraction,23,23,0.9925873988083619,0.9954086766440345,0.9962310153717242,TOV112D,TOV1369,validated_recovered_reports,WQC0021;WQC0029;WQC0037;WQC0045;WQC0053;WQC0061;WQC0069;WQC0077;WQC0085;WQC0093;WQC0101;WQC0109;WQC0117;WQC0125;WQC0133;WQC0141;WQC0149;WQC0157;WQC0165;WQC0173;WQC0181;WQC0189;WQC0197,fraction,"recal primary read ends, excluding secondary and supplementary alignments",recal,
baseline_models,recal_mq0_fraction_of_mapped,23,23,0.10848968008350318,0.11784710030968357,0.13803924955805771,OV2295-R2,OV90,validated_recovered_reports,WQC0021;WQC0029;WQC0037;WQC0045;WQC0053;WQC0061;WQC0069;WQC0077;WQC0085;WQC0093;WQC0101;WQC0109;WQC0117;WQC0125;WQC0133;WQC0141;WQC0149;WQC0157;WQC0165;WQC0173;WQC0181;WQC0189;WQC0197,fraction,recal mapped primary read ends,recal,
baseline_models,mosdepth_recal_target_depth_sum,23,23,4441636813,5017690293,5654389982,TOV2929D,OV3133-R2,validated_recovered_reports,WQC0022;WQC0030;WQC0038;WQC0046;WQC0054;WQC0062;WQC0070;WQC0078;WQC0086;WQC0094;WQC0102;WQC0110;WQC0118;WQC0126;WQC0134;WQC0142;WQC0150;WQC0158;WQC0166;WQC0174;WQC0182;WQC0190;WQC0198,read-base depth sum,sample-specific mosdepth_recal_target_denominator_bp; overlapping intervals repeated; no-read contigs omitted by mosdepth 0.3.8,recal,
baseline_models,mosdepth_recal_mean_target_depth_x,23,23,69.71708641814548,78.75897163692089,88.75277552257401,TOV2929D,OV3133-R2,validated_recovered_reports,WQC0022;WQC0030;WQC0038;WQC0046;WQC0054;WQC0062;WQC0070;WQC0078;WQC0086;WQC0094;WQC0102;WQC0110;WQC0118;WQC0126;WQC0134;WQC0142;WQC0150;WQC0158;WQC0166;WQC0174;WQC0182;WQC0190;WQC0198,x,sample-specific mosdepth_recal_target_denominator_bp; overlapping intervals repeated; no-read contigs omitted by mosdepth 0.3.8,recal,"Recomputed from integer sum/length; duplicates excluded (FLAG 1796), MAPQ>=0, overlapping mates corrected; source mean printed to two decimals."
baseline_models,mosdepth_recal_fraction_target_ge_1x,23,23,0.99,0.99,0.99,OV1369-R2;OV2085;OV2295;OV2295-R2;OV3133-R;OV3133-R2;OV3291;OV3331;OV90;TOV112D;TOV1369;TOV21G;TOV2295-R;TOV2414;TOV2835EP;TOV2881EP;TOV2929D;TOV3121D;TOV3121EP;TOV3133D;TOV3133G;TOV3392D;TOV81D,OV1369-R2;OV2085;OV2295;OV2295-R2;OV3133-R;OV3133-R2;OV3291;OV3331;OV90;TOV112D;TOV1369;TOV21G;TOV2295-R;TOV2414;TOV2835EP;TOV2881EP;TOV2929D;TOV3121D;TOV3121EP;TOV3133D;TOV3133G;TOV3392D;TOV81D,validated_recovered_reports,WQC0023;WQC0031;WQC0039;WQC0047;WQC0055;WQC0063;WQC0071;WQC0079;WQC0087;WQC0095;WQC0103;WQC0111;WQC0119;WQC0127;WQC0135;WQC0143;WQC0151;WQC0159;WQC0167;WQC0175;WQC0183;WQC0191;WQC0199,fraction,sample-specific mosdepth_recal_target_denominator_bp; overlapping intervals repeated; no-read contigs omitted by mosdepth 0.3.8,recal,"Cumulative per-base BED coverage, rounded to two decimals; exact base count unavailable, do not multiply into a claimed exact count."
baseline_models,mosdepth_recal_fraction_target_ge_10x,23,23,0.91,0.95,0.97,TOV2929D,OV90;TOV3392D,validated_recovered_reports,WQC0023;WQC0031;WQC0039;WQC0047;WQC0055;WQC0063;WQC0071;WQC0079;WQC0087;WQC0095;WQC0103;WQC0111;WQC0119;WQC0127;WQC0135;WQC0143;WQC0151;WQC0159;WQC0167;WQC0175;WQC0183;WQC0191;WQC0199,fraction,sample-specific mosdepth_recal_target_denominator_bp; overlapping intervals repeated; no-read contigs omitted by mosdepth 0.3.8,recal,"Cumulative per-base BED coverage, rounded to two decimals; exact base count unavailable, do not multiply into a claimed exact count."
baseline_models,mosdepth_recal_fraction_target_ge_20x,23,23,0.79,0.88,0.92,TOV2929D,TOV2414,validated_recovered_reports,WQC0023;WQC0031;WQC0039;WQC0047;WQC0055;WQC0063;WQC0071;WQC0079;WQC0087;WQC0095;WQC0103;WQC0111;WQC0119;WQC0127;WQC0135;WQC0143;WQC0151;WQC0159;WQC0167;WQC0175;WQC0183;WQC0191;WQC0199,fraction,sample-specific mosdepth_recal_target_denominator_bp; overlapping intervals repeated; no-read contigs omitted by mosdepth 0.3.8,recal,"Cumulative per-base BED coverage, rounded to two decimals; exact base count unavailable, do not multiply into a claimed exact count."
baseline_models,mosdepth_recal_fraction_target_ge_30x,23,23,0.66,0.78,0.84,TOV2929D,TOV21G,validated_recovered_reports,WQC0023;WQC0031;WQC0039;WQC0047;WQC0055;WQC0063;WQC0071;WQC0079;WQC0087;WQC0095;WQC0103;WQC0111;WQC0119;WQC0127;WQC0135;WQC0143;WQC0151;WQC0159;WQC0167;WQC0175;WQC0183;WQC0191;WQC0199,fraction,sample-specific mosdepth_recal_target_denominator_bp; overlapping intervals repeated; no-read contigs omitted by mosdepth 0.3.8,recal,"Cumulative per-base BED coverage, rounded to two decimals; exact base count unavailable, do not multiply into a claimed exact count."
baseline_models,mosdepth_recal_fraction_target_ge_50x,23,23,0.46,0.57,0.65,TOV2929D,TOV21G,validated_recovered_reports,WQC0023;WQC0031;WQC0039;WQC0047;WQC0055;WQC0063;WQC0071;WQC0079;WQC0087;WQC0095;WQC0103;WQC0111;WQC0119;WQC0127;WQC0135;WQC0143;WQC0151;WQC0159;WQC0167;WQC0175;WQC0183;WQC0191;WQC0199,fraction,sample-specific mosdepth_recal_target_denominator_bp; overlapping intervals repeated; no-read contigs omitted by mosdepth 0.3.8,recal,"Cumulative per-base BED coverage, rounded to two decimals; exact base count unavailable, do not multiply into a claimed exact count."
baseline_models,mosdepth_recal_fraction_target_ge_100x,23,23,0.13,0.22,0.27,OV90,OV3133-R2,validated_recovered_reports,WQC0023;WQC0031;WQC0039;WQC0047;WQC0055;WQC0063;WQC0071;WQC0079;WQC0087;WQC0095;WQC0103;WQC0111;WQC0119;WQC0127;WQC0135;WQC0143;WQC0151;WQC0159;WQC0167;WQC0175;WQC0183;WQC0191;WQC0199,fraction,sample-specific mosdepth_recal_target_denominator_bp; overlapping intervals repeated; no-read contigs omitted by mosdepth 0.3.8,recal,"Cumulative per-base BED coverage, rounded to two decimals; exact base count unavailable, do not multiply into a claimed exact count."
baseline_models,recal_primary_read_retention_fraction,23,23,0.6818909974746694,0.7384304755700033,0.7690008739680373,OV2085,TOV2929D,validated_recovered_reports,WQC0018;WQC0021;WQC0026;WQC0029;WQC0034;WQC0037;WQC0042;WQC0045;WQC0050;WQC0053;WQC0058;WQC0061;WQC0066;WQC0069;WQC0074;WQC0077;WQC0082;WQC0085;WQC0090;WQC0093;WQC0098;WQC0101;WQC0106;WQC0109;WQC0114;WQC0117;WQC0122;WQC0125;WQC0130;WQC0133;WQC0138;WQC0141;WQC0146;WQC0149;WQC0154;WQC0157;WQC0162;WQC0165;WQC0170;WQC0173;WQC0178;WQC0181;WQC0186;WQC0189;WQC0194;WQC0197,fraction,genome-wide md primary read ends,recal_vs_md,Interval restriction after per-shard ApplyBQSR; not a filtering-loss or genome-wide on-target-rate estimate.
baseline_models,recal_primary_reads_not_retained,23,23,25806242,33456102,37342511,TOV2929D,TOV3392D,validated_recovered_reports,WQC0018;WQC0021;WQC0026;WQC0029;WQC0034;WQC0037;WQC0042;WQC0045;WQC0050;WQC0053;WQC0058;WQC0061;WQC0066;WQC0069;WQC0074;WQC0077;WQC0082;WQC0085;WQC0090;WQC0093;WQC0098;WQC0101;WQC0106;WQC0109;WQC0114;WQC0117;WQC0122;WQC0125;WQC0130;WQC0133;WQC0138;WQC0141;WQC0146;WQC0149;WQC0154;WQC0157;WQC0162;WQC0165;WQC0170;WQC0173;WQC0178;WQC0181;WQC0186;WQC0189;WQC0194;WQC0197,read ends,genome-wide md primary read ends minus interval-restricted recal primary read ends,recal_vs_md,
baseline_models,picard_examined_mapped_read_ends,23,23,108199489,123144902,136759731,TOV2414,OV3133-R2,validated_recovered_reports,WQC0024;WQC0032;WQC0040;WQC0048;WQC0056;WQC0064;WQC0072;WQC0080;WQC0088;WQC0096;WQC0104;WQC0112;WQC0120;WQC0128;WQC0136;WQC0144;WQC0152;WQC0160;WQC0168;WQC0176;WQC0184;WQC0192;WQC0200,read ends,UNPAIRED_READS_EXAMINED + 2*READ_PAIRS_EXAMINED,md,
baseline_models,picard_duplicate_read_ends,23,23,16311467,24476850,31212239,TOV2414,OV3133-R,validated_recovered_reports,WQC0024;WQC0032;WQC0040;WQC0048;WQC0056;WQC0064;WQC0072;WQC0080;WQC0088;WQC0096;WQC0104;WQC0112;WQC0120;WQC0128;WQC0136;WQC0144;WQC0152;WQC0160;WQC0168;WQC0176;WQC0184;WQC0192;WQC0200,read ends,UNPAIRED_READ_DUPLICATES + 2*READ_PAIR_DUPLICATES,md,
baseline_models,picard_duplication_fraction,23,23,0.149101,0.197735,0.239987,OV2085,OV3133-R,validated_recovered_reports,WQC0024;WQC0032;WQC0040;WQC0048;WQC0056;WQC0064;WQC0072;WQC0080;WQC0088;WQC0096;WQC0104;WQC0112;WQC0120;WQC0128;WQC0136;WQC0144;WQC0152;WQC0160;WQC0168;WQC0176;WQC0184;WQC0192;WQC0200,fraction,Picard examined mapped read ends,md,"Despite its name PERCENT_DUPLICATION is a 0–1 fraction, reported to six decimals. Duplicate reads were marked, not removed from the CRAM."
baseline_models,gatk_contamination_fraction,23,23,0.0,0.0026676910600337196,0.004884553576225901,TOV3133D,OV3291,validated_recovered_reports,WQC0025;WQC0033;WQC0041;WQC0049;WQC0057;WQC0065;WQC0073;WQC0081;WQC0089;WQC0097;WQC0105;WQC0113;WQC0121;WQC0129;WQC0137;WQC0145;WQC0153;WQC0161;WQC0169;WQC0177;WQC0185;WQC0193;WQC0201,fraction,GATK model using GetPileupSummaries at population-resource sites in calling intervals,tumour_only_calling,Caller estimate/error field; not evidence of stock authentication or mycoplasma status.
baseline_models,gatk_contamination_reported_error,23,23,4.76837158203125e-07,0.0007461616481431997,0.0014274079589085605,TOV3133D,OV1369-R2,validated_recovered_reports,WQC0025;WQC0033;WQC0041;WQC0049;WQC0057;WQC0065;WQC0073;WQC0081;WQC0089;WQC0097;WQC0105;WQC0113;WQC0121;WQC0129;WQC0137;WQC0145;WQC0153;WQC0161;WQC0169;WQC0177;WQC0185;WQC0193;WQC0201,fraction,GATK model using GetPileupSummaries at population-resource sites in calling intervals,tumour_only_calling,Caller estimate/error field; not evidence of stock authentication or mycoplasma status.
cnv_reference_exomes,cnvkit_normal_mean_target_depth_x,5,0,75.85,92.4,95.72,SRR4039089,SRR4039097,reported_only_or_partially_verified,WQC0202;WQC0203;WQC0204;WQC0205;WQC0206;WQC0207,x,63514049 bp in 290475 CNVkit target bins,independently_aligned_CNV_reference_exomes,Secondary recovery-table values are retained only with explicit verification status; do not mix with mosdepth model depth.
