cell_line,patient_id,histotype,wes_sample_id,wes_passage,input_lane,target_bed_source_id,target_summed_bp,target_union_bp,fastp_source_id,fastp_record_key,fastp_original_report,fastp_reads_before,fastp_pairs_before,fastp_reads_after,fastp_pairs_after,fastp_read_retention_fraction,fastp_bases_after,fastp_q30_bases_after,fastp_q30_fraction_after,fastp_gc_fraction_after,fastp_read1_mean_length_after,fastp_read2_mean_length_after,md_samtools_source_id,md_primary_reads,md_mapped_reads,md_unmapped_reads,md_properly_paired_reads,md_mq0_reads,md_duplicate_reads,md_supplementary_alignments,md_mapped_fraction,md_properly_paired_fraction,md_mq0_fraction_of_mapped,md_mosdepth_summary_source_id,md_mosdepth_distribution_source_id,mosdepth_md_target_denominator_bp,mosdepth_md_target_omitted_no_read_contig_bp,mosdepth_md_target_depth_sum,mosdepth_md_mean_target_depth_x,mosdepth_md_fraction_target_ge_1x,mosdepth_md_fraction_target_ge_10x,mosdepth_md_fraction_target_ge_20x,mosdepth_md_fraction_target_ge_30x,mosdepth_md_fraction_target_ge_50x,mosdepth_md_fraction_target_ge_100x,recal_samtools_source_id,recal_primary_reads,recal_mapped_reads,recal_unmapped_reads,recal_properly_paired_reads,recal_mq0_reads,recal_duplicate_reads,recal_supplementary_alignments,recal_mapped_fraction,recal_properly_paired_fraction,recal_mq0_fraction_of_mapped,recal_mosdepth_summary_source_id,recal_mosdepth_distribution_source_id,mosdepth_recal_target_denominator_bp,mosdepth_recal_target_omitted_no_read_contig_bp,mosdepth_recal_target_depth_sum,mosdepth_recal_mean_target_depth_x,mosdepth_recal_fraction_target_ge_1x,mosdepth_recal_fraction_target_ge_10x,mosdepth_recal_fraction_target_ge_20x,mosdepth_recal_fraction_target_ge_30x,mosdepth_recal_fraction_target_ge_50x,mosdepth_recal_fraction_target_ge_100x,recal_primary_read_retention_fraction,recal_primary_reads_not_retained,picard_source_id,picard_examined_mapped_read_ends,picard_duplicate_read_ends,picard_duplication_fraction,contamination_source_id,gatk_contamination_fraction,gatk_contamination_reported_error
OV1369-R2,1369,HGS,OV1369_R2_P66,P66,6,WQC0006,63709951,63514049,WQC0011,OV1369_R2_P66-6,/project/6090753/active/ovcan_gq_analysis/work/d6/49a5b349bc12975c15f725b0a7a04d/27/OV1369_R2_P66-6.fastp.json,130562922,65281461,129094148,64547074,0.9887504509128556,12909414800,11926131302,0.9238320626276568,0.430971,100,100,WQC0018,129094148,129050201,43947,128048344,18091465,25523028,538640,0.9996595740342932,0.9918989046660737,0.14018935933311719,WQC0019,WQC0020,63709951,0,5377679883,84.40879012762072,0.99,0.95,0.87,0.77,0.56,0.24,WQC0021,95340485,95339246,1239,94936396,11940331,19200034,66494,0.9999870044713953,0.9957616221482406,0.12524045973680137,WQC0022,WQC0023,63709444,507,5377793783,84.4112496571152,0.99,0.95,0.87,0.77,0.56,0.24,0.7385345228817034,33753663,WQC0024,129050201,25523028,0.197776,WQC0025,0.004492365865977324,0.0014274079589085605
OV2085,OV2085,HGS,OV2085_P64,P64,7,WQC0006,63709951,63514049,WQC0011,OV2085_P64-7,/project/6090753/active/ovcan_gq_analysis/work/d6/49a5b349bc12975c15f725b0a7a04d/26/OV2085_P64-7.fastp.json,116685124,58342562,113508306,56754153,0.9727744386679488,11350830600,10385722908,0.914974707489688,0.449834,100,100,WQC0026,113508306,113397095,111211,112081162,14830760,16907627,508251,0.999020239100388,0.9874269641553809,0.13078606643318333,WQC0027,WQC0028,63709951,0,4790745411,75.19618734285324,0.99,0.96,0.9,0.79,0.55,0.19,WQC0029,77400292,77397996,2296,76948820,8845548,11639441,38571,0.9999703360292233,0.9941670504292154,0.1142865249379325,WQC0030,WQC0031,63709444,507,4790844342,75.19833860110285,0.99,0.96,0.9,0.79,0.55,0.19,0.6818909974746694,36108014,WQC0032,113397095,16907627,0.149101,WQC0033,0.0039035532372166996,0.001224962585545167
OV2295,2295,HGS,OV2295_P61,P61,5,WQC0006,63709951,63514049,WQC0011,OV2295_P61-5,/project/6090753/active/ovcan_gq_analysis/work/d6/49a5b349bc12975c15f725b0a7a04d/29/OV2295_P61-5.fastp.json,115512376,57756188,113903904,56951952,0.9860753275475868,11390390400,10522307605,0.9237881438198993,0.431953,100,100,WQC0034,113903904,113845650,58254,112896828,13955311,24477769,460876,0.9994885688904921,0.9911585471205623,0.1225809769631075,WQC0035,WQC0036,63709951,0,4741555671,74.42409853682041,0.99,0.95,0.86,0.75,0.53,0.2,WQC0037,84110114,84108671,1443,83738122,9125181,18488326,51100,0.9999828439181523,0.9955773214146398,0.10849274981410656,WQC0038,WQC0039,63709444,507,4741650275,74.42617573306714,0.99,0.95,0.86,0.75,0.53,0.2,0.7384304755700033,29793790,WQC0040,113845650,24477769,0.215008,WQC0041,0.0037675920478241988,0.0005505720905382974
OV2295-R2,2295,HGS,OV2295_R2_P70,P70,5,WQC0006,63709951,63514049,WQC0011,OV2295_R2_P70-5,/project/6090753/active/ovcan_gq_analysis/work/d6/49a5b349bc12975c15f725b0a7a04d/28/OV2295_R2_P70-5.fastp.json,130856794,65428397,129124494,64562247,0.9867618642712582,12912449400,11938543190,0.9245761838183854,0.436533,100,100,WQC0042,129124494,129045267,79227,127903802,15896854,30628646,592792,0.999386429347789,0.9905463947064915,0.12318819875819235,WQC0043,WQC0044,63709951,0,5174724093,81.22316862243387,0.99,0.95,0.87,0.77,0.57,0.23,WQC0045,96219942,96218608,1334,95768747,10438726,23333478,63352,0.9999861359301173,0.9953107953442749,0.10848968008350318,WQC0046,WQC0047,63709444,507,5174836925,81.22558603713446,0.99,0.95,0.87,0.77,0.57,0.23,0.7451718804024897,32904552,WQC0048,129045267,30628646,0.237348,WQC0049,0.0045907653999520725,0.0008709792830901564
OV3133-R,3133,HGS,OV3133_R_P71,P71,5,WQC0006,63709951,63514049,WQC0011,OV3133_R_P71-5,/project/6090753/active/ovcan_gq_analysis/work/d6/49a5b349bc12975c15f725b0a7a04d/30/OV3133_R_P71-5.fastp.json,131674126,65837063,130092362,65046181,0.9879872830900734,13009236200,11983049271,0.921118587346427,0.442618,100,100,WQC0050,130092362,130058016,34346,128979420,16762521,31212239,468632,0.9997359875747356,0.9914449858324503,0.1288849508514723,WQC0051,WQC0052,63709951,0,5297137194,83.14458119737057,0.99,0.96,0.89,0.79,0.58,0.24,WQC0053,97326285,97325055,1230,96890430,10839068,23845738,61901,0.9999873620985328,0.9955217133788677,0.11136975982186705,WQC0054,WQC0055,63709444,507,5297260104,83.14717208958848,0.99,0.96,0.89,0.79,0.58,0.24,0.748132200105645,32766077,WQC0056,130058016,31212239,0.239987,WQC0057,0.0015181893314937939,0.00034708654402606067
OV3133-R2,3133,HGS,OV3133_R2_P58,P58,6,WQC0006,63709951,63514049,WQC0011,OV3133_R2_P58-6,/project/6090753/active/ovcan_gq_analysis/work/d6/49a5b349bc12975c15f725b0a7a04d/31/OV3133_R2_P58-6.fastp.json,138652042,69326021,136781554,68390777,0.9865094810504125,13678155400,12572648431,0.9191771889797362,0.430875,100,100,WQC0058,136781554,136759731,21823,135578352,17664293,28126373,525529,0.9998404536330974,0.991203477626815,0.12916296976337283,WQC0059,WQC0060,63709951,0,5654257663,88.74999233636203,0.99,0.95,0.88,0.78,0.58,0.27,WQC0061,100500654,100499281,1373,100039223,11281345,21150814,61828,0.9999863383973601,0.9954086766440345,0.11225299213832186,WQC0062,WQC0063,63709444,507,5654389982,88.75277552257401,0.99,0.95,0.88,0.78,0.58,0.27,0.7347529769986383,36280900,WQC0064,136759731,28126373,0.205663,WQC0065,0.0013868997151307986,0.0007052164085015738
OV3291,3291,HGS,OV3291_P46,P46,7,WQC0006,63709951,63514049,WQC0011,OV3291_P46-7,/project/6090753/active/ovcan_gq_analysis/work/d6/49a5b349bc12975c15f725b0a7a04d/35/OV3291_P46-7.fastp.json,117934716,58967358,115531530,57765765,0.9796227431454535,11553153000,10641740652,0.9211113755699418,0.453183,100,100,WQC0066,115531530,115399237,132293,114302202,14961655,17958428,497517,0.9988549186529426,0.9893593722856436,0.12965124717419058,WQC0067,WQC0068,63709951,0,4856536288,76.22884983854406,0.99,0.96,0.91,0.81,0.57,0.19,WQC0069,79842967,79841184,1783,79467524,8910208,12572625,45206,0.9999776686655445,0.9952977323600712,0.1115991466258817,WQC0070,WQC0071,63709444,507,4856651576,76.23126605845124,0.99,0.96,0.91,0.81,0.57,0.19,0.6910924403061225,35688563,WQC0072,115399237,17958428,0.15562,WQC0073,0.004884553576225901,0.0010510352677481922
OV3331,OV3331,HGS,OV3331_P54,P54,6,WQC0006,63709951,63514049,WQC0011,OV3331_P54-6,/project/6090753/active/ovcan_gq_analysis/work/d6/49a5b349bc12975c15f725b0a7a04d/39/OV3331_P54-6.fastp.json,120278596,60139298,118674270,59337135,0.9866615835788439,11867427000,10914183421,0.9196756315416982,0.42813,100,100,WQC0074,118674270,118613410,60860,117764730,16400564,22567680,450965,0.9994871676901825,0.9923358281453932,0.13826905406395448,WQC0075,WQC0076,63709951,0,4996921698,78.43235820413675,0.99,0.94,0.85,0.73,0.52,0.21,WQC0077,86796029,86794593,1436,86462492,10673740,16857586,54365,0.9999834554643047,0.996157232031894,0.12297701540002613,WQC0078,WQC0079,63706108,3843,4997022633,78.43867393374587,0.99,0.94,0.85,0.73,0.52,0.21,0.7313803489164079,31878241,WQC0080,118613410,22567680,0.190262,WQC0081,0.0026676910600337196,0.0007461616481431997
OV90,OV90,HGS,OV90_P63,P63,8,WQC0006,63709951,63514049,WQC0011,OV90_P63-8,/project/6090753/active/ovcan_gq_analysis/work/d6/49a5b349bc12975c15f725b0a7a04d/46/OV90_P63-8.fastp.json,118448512,59224256,115550550,57775275,0.9755339940446023,11555055000,10669940136,0.923400203287652,0.47134,100,100,WQC0082,115550550,115520178,30372,114316558,18429860,24540266,677358,0.9997371539988342,0.9893207604810189,0.15953801594730924,WQC0083,WQC0084,63709951,0,4515507784,70.87602035669435,0.99,0.97,0.91,0.8,0.53,0.13,WQC0085,80953459,80951179,2280,80563075,11174440,17585793,64277,0.9999718356691837,0.9951776736309687,0.13803924955805771,WQC0086,WQC0087,63709444,507,4515586835,70.87782519338892,0.99,0.97,0.91,0.8,0.53,0.13,0.7005891274424916,34597091,WQC0088,115520178,24540266,0.212433,WQC0089,0.001982510747686391,0.0004344892347752393
TOV112D,TOV112D,EC,TOV112D_P83,P83,7,WQC0006,63709951,63514049,WQC0011,TOV112D_P83-7,/project/6090753/active/ovcan_gq_analysis/work/d6/49a5b349bc12975c15f725b0a7a04d/41/TOV112D_P83-7.fastp.json,125647242,62823621,123841684,61920842,0.9856299432342495,12384168400,11472298807,0.9263681206886689,0.429803,100,100,WQC0090,123841684,123786150,55534,122102530,17813542,24476850,484099,0.9995515726352687,0.9859566347628154,0.14390577621163594,WQC0091,WQC0092,63709951,0,5135532322,80.6080092888472,0.99,0.95,0.88,0.78,0.57,0.22,WQC0093,93320952,93318902,2050,92629201,11846058,18925933,67744,0.9999780328001797,0.9925873988083619,0.1269416779035827,WQC0094,WQC0095,63709402,549,5135650705,80.61056207998939,0.99,0.95,0.88,0.78,0.57,0.22,0.7535504119921367,30520732,WQC0096,123786150,24476850,0.197735,WQC0097,0.002750233426062037,0.0008564218662260358
TOV1369,1369,HGS,TOV1369_P65,P65,6,WQC0006,63709951,63514049,WQC0011,TOV1369_P65-6,/project/6090753/active/ovcan_gq_analysis/work/d6/49a5b349bc12975c15f725b0a7a04d/44/TOV1369_P65-6.fastp.json,130895880,65447940,128339628,64169814,0.9804711042089331,12833962800,11411506052,0.8891646508434635,0.433383,100,100,WQC0098,128339628,128307506,32122,127374734,16827494,23924719,452824,0.9997497109778127,0.9924817142215809,0.13114972400757288,WQC0099,WQC0100,63709951,0,5416667318,85.02074217573954,0.99,0.95,0.88,0.78,0.57,0.24,WQC0101,93402079,93400919,1160,93050048,10761338,17846514,36283,0.999987580576231,0.9962310153717242,0.11521661794355578,WQC0102,WQC0103,63709444,507,5416792296,85.0233804583195,0.99,0.95,0.88,0.78,0.57,0.24,0.7277727110133123,34937549,WQC0104,128307506,23924719,0.186464,WQC0105,0.0019656924881904007,0.0009075410005688774
TOV21G,TOV21G,CC,TOV21G_P59,P59,7,WQC0006,63709951,63514049,WQC0011,TOV21G_P59-7,/project/6090753/active/ovcan_gq_analysis/work/d6/49a5b349bc12975c15f725b0a7a04d/48/TOV21G_P59-7.fastp.json,133500336,66750168,131238356,65619178,0.9830563722326512,13123835600,11929583072,0.9090012581382839,0.442703,100,100,WQC0106,131238356,131194504,43852,130207208,18279472,25766460,485634,0.999665859880171,0.9921429372370376,0.139331080515385,WQC0107,WQC0108,63709951,0,5583019032,87.63182115773405,0.99,0.96,0.91,0.84,0.65,0.25,WQC0109,97533812,97532419,1393,97128084,12137387,19537234,61490,0.9999857177734425,0.9958401297798142,0.12444464235015026,WQC0110,WQC0111,63709444,507,5583132222,87.63429519177721,0.99,0.96,0.91,0.84,0.65,0.25,0.743180690254913,33704544,WQC0112,131194504,25766460,0.196399,WQC0113,0.001355166405605494,0.0002595240756554343
TOV2295-R,2295,HGS,TOV2295_R_P57,P57,5,WQC0006,63709951,63514049,WQC0011,TOV2295_R_P57-5,/project/6090753/active/ovcan_gq_analysis/work/d6/49a5b349bc12975c15f725b0a7a04d/40/TOV2295_R_P57-5.fastp.json,125205192,62602596,123108684,61554342,0.9832554228262355,12310868400,11314540578,0.9190692492497118,0.435285,100,100,WQC0114,123108684,123040490,68194,121916438,15593003,29052112,517768,0.9994460666966434,0.9903155004077535,0.12673066402775215,WQC0115,WQC0116,63709951,0,4990151795,78.32609689183406,0.99,0.95,0.87,0.77,0.55,0.22,WQC0117,90952355,90950791,1564,90515134,10215465,21955511,44306,0.999982804183575,0.9951928567435114,0.11231859434845377,WQC0118,WQC0119,63709444,507,4990254756,78.32833631384383,0.99,0.95,0.87,0.77,0.55,0.22,0.7387972322082494,32156329,WQC0120,123040490,29052112,0.236118,WQC0121,0.0024913094107494845,0.0005170306905129037
TOV2414,TOV2414,MC,TOV2414_P65,P65,7,WQC0006,63709951,63514049,WQC0011,TOV2414_P65-7,/project/6090753/active/ovcan_gq_analysis/work/d6/49a5b349bc12975c15f725b0a7a04d/36/TOV2414_P65-7.fastp.json,111671640,55835820,108382950,54191475,0.9705503563841276,10838295000,9573493912,0.8833025777578485,0.44847,100,100,WQC0122,108382950,108199489,183461,107201990,14611976,16311467,516265,0.9983072891077425,0.9891038212191124,0.13504662669894865,WQC0123,WQC0124,63709951,0,4582776512,71.93187940138269,0.99,0.96,0.92,0.82,0.57,0.15,WQC0125,74484274,74482606,1668,74151398,8872411,11352690,26358,0.9999776060111696,0.9955309224065203,0.11912057695725631,WQC0126,WQC0127,63709444,507,4582872959,71.93396569274722,0.99,0.96,0.92,0.82,0.57,0.15,0.6872323921797663,33898676,WQC0128,108199489,16311467,0.150754,WQC0129,0.0030809458525387964,0.0004435183894727617
TOV2835EP,TOV2835EP,HGS,TOV2835EP_P64,P64,6,WQC0006,63709951,63514049,WQC0011,TOV2835EP_P64-6,/project/6090753/active/ovcan_gq_analysis/work/d6/49a5b349bc12975c15f725b0a7a04d/47/TOV2835EP_P64-6.fastp.json,128600352,64300176,126522962,63261481,0.9838461561909255,12652296200,11606368386,0.917332964904821,0.431701,100,100,WQC0130,126522962,126498904,24058,125391044,16327717,24305722,548178,0.9998098526969358,0.9910536555411973,0.12907397996112283,WQC0131,WQC0132,63709951,0,5253560161,82.46059019885293,0.99,0.95,0.87,0.77,0.56,0.23,WQC0133,91834906,91833442,1464,91402349,10604608,18035548,69506,0.9999840583492294,0.9952898410981115,0.11547653849237187,WQC0134,WQC0135,63709444,507,5253671729,82.46299762088647,0.99,0.95,0.87,0.77,0.56,0.23,0.7258358842405223,34688056,WQC0136,126498904,24305722,0.192142,WQC0137,0.0016888575511987722,0.0010991575374194535
TOV2881EP,TOV2881EP,HGS,TOV2881EP_P64,P64,7,WQC0006,63709951,63514049,WQC0011,TOV2881EP_P64-7,/project/6090753/active/ovcan_gq_analysis/work/d6/49a5b349bc12975c15f725b0a7a04d/43/TOV2881EP_P64-7.fastp.json,127249330,63624665,124597136,62298568,0.9791575012614998,12459713600,10981157688,0.8813330739801274,0.433207,100,100,WQC0138,124597136,124533741,63395,123601684,16269994,22932228,456147,0.9994912001829641,0.9920106349796034,0.1306472757451332,WQC0139,WQC0140,63709951,0,5295734944,83.122571291885,0.99,0.95,0.88,0.78,0.58,0.24,WQC0141,91209409,91208219,1190,90844621,10764478,17119030,42438,0.9999869531004197,0.9960005441982417,0.1180209208996834,WQC0142,WQC0143,63709444,507,5295859996,83.125195630337,0.99,0.95,0.88,0.78,0.58,0.24,0.7320345549515681,33387727,WQC0144,124533741,22932228,0.184145,WQC0145,0.0029953580935624066,0.0011376534023676411
TOV2929D,TOV2929D,HGS,TOV2929D_P57,P57,6,WQC0006,63709951,63514049,WQC0011,TOV2929D_P57-6,/project/6090753/active/ovcan_gq_analysis/work/d6/49a5b349bc12975c15f725b0a7a04d/38/TOV2929D_P57-6.fastp.json,113062542,56531271,111715756,55857878,0.988088132672623,11171575600,10227507033,0.9154936957146851,0.421606,100,100,WQC0146,111715756,111589820,125936,110167018,15838552,23306196,704556,0.9988727104885724,0.9861367988236145,0.1419354561195636,WQC0147,WQC0148,63709951,0,4441545825,69.71510345377601,0.99,0.91,0.79,0.66,0.46,0.19,WQC0149,85909514,85908594,920,85290591,10762441,18482663,119963,0.9999892910580311,0.9927956407715215,0.1252778156280849,WQC0150,WQC0151,63709444,507,4441636813,69.71708641814548,0.99,0.91,0.79,0.66,0.46,0.19,0.7690008739680373,25806242,WQC0152,111589820,23306196,0.208856,WQC0153,0.003517672257772209,0.0013451773976508358
TOV3121D,3121,HGS,TOV3121D_P68,P68,7,WQC0006,63709951,63514049,WQC0011,TOV3121D_P68-7,/project/6090753/active/ovcan_gq_analysis/work/d6/49a5b349bc12975c15f725b0a7a04d/37/TOV3121D_P68-7.fastp.json,125534004,62767002,123188938,61594469,0.9813192766479432,12318893800,11192875598,0.9085942114380432,0.435374,100,100,WQC0154,123188938,123144902,44036,122159888,15402403,22921926,463533,0.9996425328384599,0.9916465713828948,0.12507544161267836,WQC0155,WQC0156,63709951,0,5246552169,82.35059180943335,0.99,0.96,0.88,0.79,0.57,0.23,WQC0157,89414553,89412926,1627,89033568,9971957,17006427,33386,0.999981803856918,0.9957391164277252,0.11152701791685019,WQC0158,WQC0159,63709444,507,5246655570,82.35287016474355,0.99,0.96,0.88,0.79,0.57,0.23,0.7258326474086496,33774385,WQC0160,123144902,22921926,0.186138,WQC0161,0.0025036593485037732,0.0005664911945895816
TOV3121EP,3121,HGS,TOV3121EP_P68,P68,7,WQC0006,63709951,63514049,WQC0011,TOV3121EP_P68-7,/project/6090753/active/ovcan_gq_analysis/work/d6/49a5b349bc12975c15f725b0a7a04d/32/TOV3121EP_P68-7.fastp.json,116381192,58190596,114753660,57376830,0.9860155066980238,11475366000,10560413516,0.920268121818511,0.43095,100,100,WQC0162,114753660,114659424,94236,113709158,15134750,20494575,477518,0.9991787974344347,0.9908978763727448,0.13199743616364235,WQC0163,WQC0164,63709951,0,4899247156,76.89924539417711,0.99,0.95,0.86,0.75,0.53,0.21,WQC0165,85555220,85553136,2084,85165735,10082189,15615911,62051,0.9999756414629055,0.9954475600670538,0.11784710030968357,WQC0166,WQC0167,63709444,507,4899339864,76.90131252754301,0.99,0.95,0.86,0.75,0.53,0.21,0.7455554794505029,29198440,WQC0168,114659424,20494575,0.178743,WQC0169,0.00426324697416046,0.0010469434454069013
TOV3133D,3133,HGS,TOV3133D_P66,P66,5,WQC0006,63709951,63514049,WQC0011,TOV3133D_P66-5,/project/6090753/active/ovcan_gq_analysis/work/d6/49a5b349bc12975c15f725b0a7a04d/42/TOV3133D_P66-5.fastp.json,132238350,66119175,130478290,65239145,0.9866902453032724,13047829000,12059939203,0.9242870367936306,0.4373,100,100,WQC0170,130478290,130415209,63081,129410276,17207862,29920185,471885,0.9995165402612189,0.9918146229537497,0.13194674249994875,WQC0171,WQC0172,63709951,0,5305424964,83.2746671552141,0.99,0.96,0.88,0.79,0.58,0.24,WQC0173,97022188,97020810,1378,96629349,11152309,22805567,50539,0.999985797063245,0.9959510395704537,0.11494759732473889,WQC0174,WQC0175,63707189,2762,5305530087,83.27992759184525,0.99,0.96,0.88,0.79,0.58,0.24,0.7435887456832857,33456102,WQC0176,130415209,29920185,0.229423,WQC0177,0.0,4.76837158203125e-07
TOV3133G,3133,HGS,TOV3133G_P65,P65,5,WQC0006,63709951,63514049,WQC0011,TOV3133G_P65-5,/project/6090753/active/ovcan_gq_analysis/work/d6/49a5b349bc12975c15f725b0a7a04d/34/TOV3133G_P65-5.fastp.json,120578724,60289362,119037700,59518850,0.9872197685555206,11903770000,11076331282,0.930489356061147,0.436461,100,100,WQC0178,119037700,118971260,66440,117464764,16076964,27503499,511404,0.9994418574955666,0.9867862366292359,0.13513317418004986,WQC0179,WQC0180,63709951,0,4804069989,75.40533171968693,0.99,0.95,0.86,0.75,0.53,0.2,WQC0181,90318434,90316712,1722,89702703,10656283,21424811,73101,0.9999809341246992,0.9931826652353162,0.11798794225369941,WQC0182,WQC0183,63709444,507,4804182298,75.4076946268751,0.99,0.95,0.86,0.75,0.53,0.2,0.7587380636554638,28719266,WQC0184,118971260,27503499,0.231178,WQC0185,0.0016895085088341583,0.0006745366890158571
TOV3392D,TOV3392D,CC,TOV3392D_P69,P69,7,WQC0006,63709951,63514049,WQC0011,TOV3392D_P69-7,/project/6090753/active/ovcan_gq_analysis/work/d6/49a5b349bc12975c15f725b0a7a04d/33/TOV3392D_P69-7.fastp.json,123035492,61517746,119358272,59679136,0.9701125265545327,11935827200,10902982591,0.9134668597581573,0.451531,100,100,WQC0186,119358272,119260892,97380,117654316,16520221,18272616,513458,0.9991841369821439,0.9857240225461709,0.13852169577936746,WQC0187,WQC0188,63709951,0,5012643631,78.6791317890042,0.99,0.97,0.91,0.83,0.59,0.2,WQC0189,82015761,82012732,3029,81462831,10153375,12673521,34756,0.9999630680741961,0.9932582470337622,0.12380242375049767,WQC0190,WQC0191,63709402,549,5012755141,78.68156007805567,0.99,0.97,0.91,0.83,0.59,0.2,0.6871393128077458,37342511,WQC0192,119260892,18272616,0.153215,WQC0193,0.002808991798824329,0.0009096271508640518
TOV81D,TOV81D,LGS,TOV81D_P23,P23,6,WQC0006,63709951,63514049,WQC0011,TOV81D_P23-6,/project/6090753/active/ovcan_gq_analysis/work/d6/49a5b349bc12975c15f725b0a7a04d/45/TOV81D_P23-6.fastp.json,130101168,65050584,128533696,64266848,0.9879518990944032,12773107507,11828995105,0.9260859268989475,0.429241,99,99,WQC0194,128533696,128497280,36416,126900402,18854927,28345777,886819,0.9997166812973308,0.9872928729910637,0.1467340553823396,WQC0195,WQC0196,63709951,0,5017587171,78.75672626086308,0.99,0.95,0.88,0.78,0.57,0.21,WQC0197,95315627,95312734,2893,94671281,12476467,21536708,140302,0.9999696482088923,0.9932398703100385,0.13090031600604385,WQC0198,WQC0199,63709444,507,5017690293,78.75897163692089,0.99,0.95,0.88,0.78,0.57,0.21,0.7415613956981366,33218069,WQC0200,128497280,28345777,0.220594,WQC0201,0.0013929743228100265,0.00027665647598192544
