recovered_path,basename,sha256,archived_copy_count,all_archived_copies_identical,archived_paths
cnvkit_0.9.10_manual/OV1369_R2_P66_new/OV1369_R2_P66.bintest.cns,OV1369_R2_P66.bintest.cns,b9b06be1c5ecf75d612b5c6805a2041849f664c03c6fb5382b29530d7f16b535,2,True,judy_archive/data/cnvkit wes - new/All samples/OV1369_R2_P66_new/OV1369_R2_P66.bintest.cns;judy_archive/data/cnvkit wes - new/HGS/OV1369_R2_P66_new/OV1369_R2_P66.bintest.cns
cnvkit_0.9.10_manual/OV1369_R2_P66_new/OV1369_R2_P66.call.cns,OV1369_R2_P66.call.cns,ce56bb5b0a2e6c82035bb563b923bf0a7663dd5ecde2bec3168f207175551f3d,2,True,judy_archive/data/cnvkit wes - new/All samples/OV1369_R2_P66_new/OV1369_R2_P66.call.cns;judy_archive/data/cnvkit wes - new/HGS/OV1369_R2_P66_new/OV1369_R2_P66.call.cns
cnvkit_0.9.10_manual/OV1369_R2_P66_new/OV1369_R2_P66.cns,OV1369_R2_P66.cns,8db5ae3d3f19553a5bf3a4368965a47ae1a67264112c849a60c0da91ae63cfda,2,True,judy_archive/data/cnvkit wes - new/All samples/OV1369_R2_P66_new/OV1369_R2_P66.cns;judy_archive/data/cnvkit wes - new/HGS/OV1369_R2_P66_new/OV1369_R2_P66.cns
cnvkit_0.9.10_manual/OV2085_P64_new/OV2085_P64.bintest.cns,OV2085_P64.bintest.cns,7b92723cc2ff7ca489f6366f842be4782d94904b8ad86712a7ec4a089a811217,2,True,judy_archive/data/cnvkit wes - new/All samples/OV2085_P64_new/OV2085_P64.bintest.cns;judy_archive/data/cnvkit wes - new/HGS/OV2085_P64_new/OV2085_P64.bintest.cns
cnvkit_0.9.10_manual/OV2085_P64_new/OV2085_P64.call.cns,OV2085_P64.call.cns,d778790e2b1f1bff515ca8cd72cba266800791dec91a165ebd766f870866de26,2,True,judy_archive/data/cnvkit wes - new/All samples/OV2085_P64_new/OV2085_P64.call.cns;judy_archive/data/cnvkit wes - new/HGS/OV2085_P64_new/OV2085_P64.call.cns
cnvkit_0.9.10_manual/OV2085_P64_new/OV2085_P64.cns,OV2085_P64.cns,c53983fed37622ea9718b4fb362d1d5e7fd25bf3a3edbeb1836b8d69f7ee9c5a,2,True,judy_archive/data/cnvkit wes - new/All samples/OV2085_P64_new/OV2085_P64.cns;judy_archive/data/cnvkit wes - new/HGS/OV2085_P64_new/OV2085_P64.cns
cnvkit_0.9.10_manual/OV2295_P61_new/OV2295_P61.bintest.cns,OV2295_P61.bintest.cns,7028b847267e9442b519c1db3e3b13533ee8befa16c3d40d39a90c1dae293797,2,True,judy_archive/data/cnvkit wes - new/All samples/OV2295_P61_new/OV2295_P61.bintest.cns;judy_archive/data/cnvkit wes - new/HGS/OV2295_P61_new/OV2295_P61.bintest.cns
cnvkit_0.9.10_manual/OV2295_P61_new/OV2295_P61.call.cns,OV2295_P61.call.cns,732997eae2d9dea4837d547a9cb19426edffd315c6c060b357e8c7f2260640c8,2,True,judy_archive/data/cnvkit wes - new/All samples/OV2295_P61_new/OV2295_P61.call.cns;judy_archive/data/cnvkit wes - new/HGS/OV2295_P61_new/OV2295_P61.call.cns
cnvkit_0.9.10_manual/OV2295_P61_new/OV2295_P61.cns,OV2295_P61.cns,0b1e02d7a2ea899f48476cca446bc43c2424424e0f41897b0609cdbb3a340bd5,2,True,judy_archive/data/cnvkit wes - new/All samples/OV2295_P61_new/OV2295_P61.cns;judy_archive/data/cnvkit wes - new/HGS/OV2295_P61_new/OV2295_P61.cns
cnvkit_0.9.10_manual/OV2295_R2_P70_new/OV2295_R2_P70.bintest.cns,OV2295_R2_P70.bintest.cns,a635e23e5862fbd1071e8ecf6214d820712dec1bd77b92626295b0b15c3510a0,2,True,judy_archive/data/cnvkit wes - new/All samples/OV2295_R2_P70_new/OV2295_R2_P70.bintest.cns;judy_archive/data/cnvkit wes - new/HGS/OV2295_R2_P70_new/OV2295_R2_P70.bintest.cns
cnvkit_0.9.10_manual/OV2295_R2_P70_new/OV2295_R2_P70.call.cns,OV2295_R2_P70.call.cns,e369fd6eeadfb1e1094bfc8400d6c6e337070946ed4b5faca878d7994cdfcffb,2,True,judy_archive/data/cnvkit wes - new/All samples/OV2295_R2_P70_new/OV2295_R2_P70.call.cns;judy_archive/data/cnvkit wes - new/HGS/OV2295_R2_P70_new/OV2295_R2_P70.call.cns
cnvkit_0.9.10_manual/OV2295_R2_P70_new/OV2295_R2_P70.cns,OV2295_R2_P70.cns,3a70d92c21bc0f568ed7d35a602835be1d985405c0553cb30b71909f84cebc68,2,True,judy_archive/data/cnvkit wes - new/All samples/OV2295_R2_P70_new/OV2295_R2_P70.cns;judy_archive/data/cnvkit wes - new/HGS/OV2295_R2_P70_new/OV2295_R2_P70.cns
cnvkit_0.9.10_manual/OV3133_R2_P58_new/OV3133_R2_P58.bintest.cns,OV3133_R2_P58.bintest.cns,d78d77108b939810d99dcd015e6664f7d6383b1add5362d098b8e443b2fc4805,1,True,judy_archive/data/cnvkit wes - new/OV3133_R2_P58_new/OV3133_R2_P58.bintest.cns
cnvkit_0.9.10_manual/OV3133_R2_P58_new/OV3133_R2_P58.call.cns,OV3133_R2_P58.call.cns,48b675ed7cd1e8edf807c9f4bc9e20f6f1d54ac0252e01edb303d6f7f2100940,1,True,judy_archive/data/cnvkit wes - new/OV3133_R2_P58_new/OV3133_R2_P58.call.cns
cnvkit_0.9.10_manual/OV3133_R2_P58_new/OV3133_R2_P58.cns,OV3133_R2_P58.cns,390588a9e2ed7fc8d35009c8b2229d777c49f5a0ac99ab51891e7ce9f94893eb,1,True,judy_archive/data/cnvkit wes - new/OV3133_R2_P58_new/OV3133_R2_P58.cns
cnvkit_0.9.10_manual/OV3133_R_P71_new/OV3133_R_P71.bintest.cns,OV3133_R_P71.bintest.cns,1e6dc934983a2bc9e846c22d7869ac4791ecffe69e08bf40498f85ccbf60f9d6,2,True,judy_archive/data/cnvkit wes - new/All samples/OV3133_R_P71_new/OV3133_R_P71.bintest.cns;judy_archive/data/cnvkit wes - new/HGS/OV3133_R_P71_new/OV3133_R_P71.bintest.cns
cnvkit_0.9.10_manual/OV3133_R_P71_new/OV3133_R_P71.call.cns,OV3133_R_P71.call.cns,6e7f5219ef3deace1ed9099211c4637cd612a70a6b14311312b17b0fedf93ccc,2,True,judy_archive/data/cnvkit wes - new/All samples/OV3133_R_P71_new/OV3133_R_P71.call.cns;judy_archive/data/cnvkit wes - new/HGS/OV3133_R_P71_new/OV3133_R_P71.call.cns
cnvkit_0.9.10_manual/OV3133_R_P71_new/OV3133_R_P71.cns,OV3133_R_P71.cns,9290874b743c48afbe383ea9abf2196605df28b06c5e1f6d3e375ca3f72435c8,2,True,judy_archive/data/cnvkit wes - new/All samples/OV3133_R_P71_new/OV3133_R_P71.cns;judy_archive/data/cnvkit wes - new/HGS/OV3133_R_P71_new/OV3133_R_P71.cns
cnvkit_0.9.10_manual/OV3291_P46_new/OV3291_P46.bintest.cns,OV3291_P46.bintest.cns,dc1cb8aabfc5de9a42a93d45dbb01cbaf3224a703accb007ca693fd47ddca539,1,True,judy_archive/data/cnvkit wes - new/OV3291_P46_new/OV3291_P46.bintest.cns
cnvkit_0.9.10_manual/OV3291_P46_new/OV3291_P46.call.cns,OV3291_P46.call.cns,2e2892fc9c6bbbaccdfe3a04f038462041f5d636ec69e59832d5f739fb223523,1,True,judy_archive/data/cnvkit wes - new/OV3291_P46_new/OV3291_P46.call.cns
cnvkit_0.9.10_manual/OV3291_P46_new/OV3291_P46.cns,OV3291_P46.cns,ca96c881a84d3b7e5d51958276087af07e7256d50fcdbd90294998fee1e66a91,1,True,judy_archive/data/cnvkit wes - new/OV3291_P46_new/OV3291_P46.cns
cnvkit_0.9.10_manual/OV3331_P54_new/OV3331_P54.bintest.cns,OV3331_P54.bintest.cns,27ed432491000dac5c384fba0f2dcb364e063fa334d18c16c6626be73effee7b,2,True,judy_archive/data/cnvkit wes - new/All samples/OV3331_P54_new/OV3331_P54.bintest.cns;judy_archive/data/cnvkit wes - new/HGS/OV3331_P54_new/OV3331_P54.bintest.cns
cnvkit_0.9.10_manual/OV3331_P54_new/OV3331_P54.call.cns,OV3331_P54.call.cns,635ff2366992a05e4cf8e1775e291ef548d74f3bbc8f5ce377542b168e722323,2,True,judy_archive/data/cnvkit wes - new/All samples/OV3331_P54_new/OV3331_P54.call.cns;judy_archive/data/cnvkit wes - new/HGS/OV3331_P54_new/OV3331_P54.call.cns
cnvkit_0.9.10_manual/OV3331_P54_new/OV3331_P54.cns,OV3331_P54.cns,3c224c864908f988485f36dd07f638b4d84eae2d0b3ea3c855195fb7b54ca857,2,True,judy_archive/data/cnvkit wes - new/All samples/OV3331_P54_new/OV3331_P54.cns;judy_archive/data/cnvkit wes - new/HGS/OV3331_P54_new/OV3331_P54.cns
cnvkit_0.9.10_manual/OV90_P63_new/OV90_P63.bintest.cns,OV90_P63.bintest.cns,03d31bf6cbec95f83b21839cdc29c3eb3d68289e2bb7f5e55d61c66f4fc2df4d,2,True,judy_archive/data/cnvkit wes - new/All samples/OV90_P63_new/OV90_P63.bintest.cns;judy_archive/data/cnvkit wes - new/HGS/OV90_P63_new/OV90_P63.bintest.cns
cnvkit_0.9.10_manual/OV90_P63_new/OV90_P63.call.cns,OV90_P63.call.cns,ebf8a111c1341a4a61a4a43d11972937b5133ada3da7afa07c4d65d1e7602dee,2,True,judy_archive/data/cnvkit wes - new/All samples/OV90_P63_new/OV90_P63.call.cns;judy_archive/data/cnvkit wes - new/HGS/OV90_P63_new/OV90_P63.call.cns
cnvkit_0.9.10_manual/OV90_P63_new/OV90_P63.cns,OV90_P63.cns,5a0dfeee44875cce110dfd358231853d2837cf5db87c631b51a051f27d337aa0,2,True,judy_archive/data/cnvkit wes - new/All samples/OV90_P63_new/OV90_P63.cns;judy_archive/data/cnvkit wes - new/HGS/OV90_P63_new/OV90_P63.cns
cnvkit_0.9.10_manual/TOV112D_P83_new/TOV112D_P83.bintest.cns,TOV112D_P83.bintest.cns,3fafe86960b260c02b5b5898fa15f4896935c321ea961e9a209598110ef74bf2,2,True,judy_archive/data/cnvkit wes - new/All samples/TOV112D_P83_new/TOV112D_P83.bintest.cns;judy_archive/data/cnvkit wes - new/EC/TOV112D_P83_new/TOV112D_P83.bintest.cns
cnvkit_0.9.10_manual/TOV112D_P83_new/TOV112D_P83.call.cns,TOV112D_P83.call.cns,6f5376cd643b862511d107a3b9e4bbcecca3347ae118ae2e65c78c927989c5b5,2,True,judy_archive/data/cnvkit wes - new/All samples/TOV112D_P83_new/TOV112D_P83.call.cns;judy_archive/data/cnvkit wes - new/EC/TOV112D_P83_new/TOV112D_P83.call.cns
cnvkit_0.9.10_manual/TOV112D_P83_new/TOV112D_P83.cns,TOV112D_P83.cns,0850746dbb15a9e46b9f8a7151d998fcd50abae74aaf2dceae40001de4441eec,2,True,judy_archive/data/cnvkit wes - new/All samples/TOV112D_P83_new/TOV112D_P83.cns;judy_archive/data/cnvkit wes - new/EC/TOV112D_P83_new/TOV112D_P83.cns
cnvkit_0.9.10_manual/TOV1369_P65_new/TOV1369_P65.bintest.cns,TOV1369_P65.bintest.cns,55c9900419a6a662e941b1d1352624f3a8a41b289282188679a5144b05b52a2d,2,True,judy_archive/data/cnvkit wes - new/All samples/TOV1369_P65_new/TOV1369_P65.bintest.cns;judy_archive/data/cnvkit wes - new/HGS/TOV1369_P65_new/TOV1369_P65.bintest.cns
cnvkit_0.9.10_manual/TOV1369_P65_new/TOV1369_P65.call.cns,TOV1369_P65.call.cns,0e1c0945fc37fe66ae8ecb5b1080bc564bc7f7743050c44ed40fda184e4327a9,2,True,judy_archive/data/cnvkit wes - new/All samples/TOV1369_P65_new/TOV1369_P65.call.cns;judy_archive/data/cnvkit wes - new/HGS/TOV1369_P65_new/TOV1369_P65.call.cns
cnvkit_0.9.10_manual/TOV1369_P65_new/TOV1369_P65.cns,TOV1369_P65.cns,2d8933c59fa21051ca1d911b973d7c607cecf06eb6401f8c02d20c070e04ae6c,2,True,judy_archive/data/cnvkit wes - new/All samples/TOV1369_P65_new/TOV1369_P65.cns;judy_archive/data/cnvkit wes - new/HGS/TOV1369_P65_new/TOV1369_P65.cns
cnvkit_0.9.10_manual/TOV21G_P59_new/TOV21G_P59.bintest.cns,TOV21G_P59.bintest.cns,1867855b10492868ee5d87be927505d2f1ba16780371f3bb2aab733c156f15e2,2,True,judy_archive/data/cnvkit wes - new/All samples/TOV21G_P59_new/TOV21G_P59.bintest.cns;judy_archive/data/cnvkit wes - new/CC/TOV21G_P59_new/TOV21G_P59.bintest.cns
cnvkit_0.9.10_manual/TOV21G_P59_new/TOV21G_P59.call.cns,TOV21G_P59.call.cns,9b3017781e56a78416ad4ae17a856dd4b0ac5dbf97272ad050ed6e1dbf981e8c,2,True,judy_archive/data/cnvkit wes - new/All samples/TOV21G_P59_new/TOV21G_P59.call.cns;judy_archive/data/cnvkit wes - new/CC/TOV21G_P59_new/TOV21G_P59.call.cns
cnvkit_0.9.10_manual/TOV21G_P59_new/TOV21G_P59.cns,TOV21G_P59.cns,308e5100cf9affc7d331229c81e2b252fbaeccc3492350e8e4787f915e1be7d1,2,True,judy_archive/data/cnvkit wes - new/All samples/TOV21G_P59_new/TOV21G_P59.cns;judy_archive/data/cnvkit wes - new/CC/TOV21G_P59_new/TOV21G_P59.cns
cnvkit_0.9.10_manual/TOV2295_R_P57_new/TOV2295_R_P57.bintest.cns,TOV2295_R_P57.bintest.cns,56c5444889972a50ebc6839f48d226099c79786eb214bc5d710cdf82acfb9963,1,True,judy_archive/data/cnvkit wes - new/20251208 - new samples/TOV2295_R_P57_new/TOV2295_R_P57.bintest.cns
cnvkit_0.9.10_manual/TOV2295_R_P57_new/TOV2295_R_P57.call.cns,TOV2295_R_P57.call.cns,b18b14f66125293cd1d74d75a1bd6450eee124d0a9bfc922eae2b6139b998ce6,1,True,judy_archive/data/cnvkit wes - new/20251208 - new samples/TOV2295_R_P57_new/TOV2295_R_P57.call.cns
cnvkit_0.9.10_manual/TOV2295_R_P57_new/TOV2295_R_P57.cns,TOV2295_R_P57.cns,4f16127f4af49e1f0ac261b5b3f69efecbec3834ebd9a3016f950d789e3e4923,1,True,judy_archive/data/cnvkit wes - new/20251208 - new samples/TOV2295_R_P57_new/TOV2295_R_P57.cns
cnvkit_0.9.10_manual/TOV2414_P65_new/TOV2414_P65.bintest.cns,TOV2414_P65.bintest.cns,bd6719905e39ea8a8be82d49862561a554dceecb6837e8a99087693300578318,1,True,judy_archive/data/cnvkit wes - new/All samples/TOV2414_P65_new/TOV2414_P65.bintest.cns
cnvkit_0.9.10_manual/TOV2414_P65_new/TOV2414_P65.call.cns,TOV2414_P65.call.cns,aa6001b67ebaa87553a06c52aaf8f0cb9fdb3499b7eccdff9e8a0fbdc5902afb,1,True,judy_archive/data/cnvkit wes - new/All samples/TOV2414_P65_new/TOV2414_P65.call.cns
cnvkit_0.9.10_manual/TOV2414_P65_new/TOV2414_P65.cns,TOV2414_P65.cns,22932b67e79434715631fb3d512b203f1cf7512cffb690e559c01515e24f4cc7,1,True,judy_archive/data/cnvkit wes - new/All samples/TOV2414_P65_new/TOV2414_P65.cns
cnvkit_0.9.10_manual/TOV2835EP_P64_new/TOV2835EP_P64.bintest.cns,TOV2835EP_P64.bintest.cns,96db93c404cc8dfb2ab28b05a9d079cc6d6c3c2c58eaf5d6f4507370b7420cf2,1,True,judy_archive/data/cnvkit wes - new/TOV2835EP_P64_new/TOV2835EP_P64.bintest.cns
cnvkit_0.9.10_manual/TOV2835EP_P64_new/TOV2835EP_P64.call.cns,TOV2835EP_P64.call.cns,886843473c2b73f718b834904e1dc3b94fdabb67b0c3c021fafe833f721ffa9e,1,True,judy_archive/data/cnvkit wes - new/TOV2835EP_P64_new/TOV2835EP_P64.call.cns
cnvkit_0.9.10_manual/TOV2835EP_P64_new/TOV2835EP_P64.cns,TOV2835EP_P64.cns,e21c77422908205d41e201b2ef5b23ec82cb0e9223362deab76d7af2e503396e,1,True,judy_archive/data/cnvkit wes - new/TOV2835EP_P64_new/TOV2835EP_P64.cns
cnvkit_0.9.10_manual/TOV2881EP_P64_new/TOV2881EP_P64.bintest.cns,TOV2881EP_P64.bintest.cns,5a1939f87af73c43fff82cf4c5eb4bd6aa432dcd73f98402686b344922e95c10,1,True,judy_archive/data/cnvkit wes - new/20251208 - new samples/TOV2881EP_P64_new/TOV2881EP_P64.bintest.cns
cnvkit_0.9.10_manual/TOV2881EP_P64_new/TOV2881EP_P64.call.cns,TOV2881EP_P64.call.cns,c071e003ec2006344a9aa4db7490e93c27a2efaf29d2e82e65391be729f9d4aa,1,True,judy_archive/data/cnvkit wes - new/20251208 - new samples/TOV2881EP_P64_new/TOV2881EP_P64.call.cns
cnvkit_0.9.10_manual/TOV2881EP_P64_new/TOV2881EP_P64.cns,TOV2881EP_P64.cns,7c8d5b300c1f366e28eafdc29f15f9ec3c2f4b9be7bff7064dccd064b2462793,1,True,judy_archive/data/cnvkit wes - new/20251208 - new samples/TOV2881EP_P64_new/TOV2881EP_P64.cns
cnvkit_0.9.10_manual/TOV2929D_P57_new/TOV2929D_P57.bintest.cns,TOV2929D_P57.bintest.cns,5485ceffa2182c1b4621b23bfdf5ccc81bd6f69e796f94f0039f1a2af64c8f12,1,True,judy_archive/data/cnvkit wes - new/20251208 - new samples/TOV2929D_P57_new/TOV2929D_P57.bintest.cns
cnvkit_0.9.10_manual/TOV2929D_P57_new/TOV2929D_P57.call.cns,TOV2929D_P57.call.cns,0907d048991305ad72032b8688a28b205896ffb749d8c4d1a829ad850c366132,1,True,judy_archive/data/cnvkit wes - new/20251208 - new samples/TOV2929D_P57_new/TOV2929D_P57.call.cns
cnvkit_0.9.10_manual/TOV2929D_P57_new/TOV2929D_P57.cns,TOV2929D_P57.cns,2d888765435c2887e9b856b210730ac53cebc1b5da26e816dc3f61d8181f3965,1,True,judy_archive/data/cnvkit wes - new/20251208 - new samples/TOV2929D_P57_new/TOV2929D_P57.cns
cnvkit_0.9.10_manual/TOV3121D_P68_new/TOV3121D_P68.bintest.cns,TOV3121D_P68.bintest.cns,81c8faeb6510375b9d5dce903476f02a2e597daae2d9df15fc56b26c52068ed1,1,True,judy_archive/data/cnvkit wes - new/TOV3121D_P68_new/TOV3121D_P68.bintest.cns
cnvkit_0.9.10_manual/TOV3121D_P68_new/TOV3121D_P68.call.cns,TOV3121D_P68.call.cns,54b2448483721de7daf0aa0a2f3dad5be81e62f03a1c3c5c093400bb06821d40,1,True,judy_archive/data/cnvkit wes - new/TOV3121D_P68_new/TOV3121D_P68.call.cns
cnvkit_0.9.10_manual/TOV3121D_P68_new/TOV3121D_P68.cns,TOV3121D_P68.cns,01bfa6611f54fa505de5d2b78974c16499aadfd5471155825b200a2ff37f26c8,1,True,judy_archive/data/cnvkit wes - new/TOV3121D_P68_new/TOV3121D_P68.cns
cnvkit_0.9.10_manual/TOV3121EP_P68_new/TOV3121EP_P68.bintest.cns,TOV3121EP_P68.bintest.cns,24ed87aa14cae3d06ffa5b1fdd1f8f55f22a2f27e7d3b2206bf815c202ed38ba,1,True,judy_archive/data/cnvkit wes - new/TOV3121EP_P68_new/TOV3121EP_P68.bintest.cns
cnvkit_0.9.10_manual/TOV3121EP_P68_new/TOV3121EP_P68.call.cns,TOV3121EP_P68.call.cns,4c45b19fd5d65d170b139e9d249a2746562fa6e41da75830fce41b739590c310,1,True,judy_archive/data/cnvkit wes - new/TOV3121EP_P68_new/TOV3121EP_P68.call.cns
cnvkit_0.9.10_manual/TOV3121EP_P68_new/TOV3121EP_P68.cns,TOV3121EP_P68.cns,e0c6eeb2cd95a45d27672e3016e6529101c603fb4a7fe56dd434f3c749e04e3f,1,True,judy_archive/data/cnvkit wes - new/TOV3121EP_P68_new/TOV3121EP_P68.cns
cnvkit_0.9.10_manual/TOV3133D_P66_new/TOV3133D_P66.bintest.cns,TOV3133D_P66.bintest.cns,aa1f60e0e507f8cf14c1d55822eb4c022b45b80dffe0b450cb8700cdc2ba23dc,1,True,judy_archive/data/cnvkit wes - new/TOV3133D_P66_new/TOV3133D_P66.bintest.cns
cnvkit_0.9.10_manual/TOV3133D_P66_new/TOV3133D_P66.call.cns,TOV3133D_P66.call.cns,66df4c94059bda12870b7ec689da866625cd1d0bfc6df36c3b2f766fea93ad40,1,True,judy_archive/data/cnvkit wes - new/TOV3133D_P66_new/TOV3133D_P66.call.cns
cnvkit_0.9.10_manual/TOV3133D_P66_new/TOV3133D_P66.cns,TOV3133D_P66.cns,a7dc3a880aaea5f15657d0429de2fe9360eab5bdf52ba60b75445413f8444220,1,True,judy_archive/data/cnvkit wes - new/TOV3133D_P66_new/TOV3133D_P66.cns
cnvkit_0.9.10_manual/TOV3133G_P65_new/TOV3133G_P65.bintest.cns,TOV3133G_P65.bintest.cns,33346602abaf5ec0cefb75ab656a09235d5db39f8ba9ce88589b9dff7def2f7b,2,True,judy_archive/data/cnvkit wes - new/All samples/TOV3133G_P65_new/TOV3133G_P65.bintest.cns;judy_archive/data/cnvkit wes - new/HGS/TOV3133G_P65_new/TOV3133G_P65.bintest.cns
cnvkit_0.9.10_manual/TOV3133G_P65_new/TOV3133G_P65.call.cns,TOV3133G_P65.call.cns,5125fc777ec8cf52e63dc75f4b5b0c8ae558b7e6314cfbf451fa2c746c15ae6c,2,True,judy_archive/data/cnvkit wes - new/All samples/TOV3133G_P65_new/TOV3133G_P65.call.cns;judy_archive/data/cnvkit wes - new/HGS/TOV3133G_P65_new/TOV3133G_P65.call.cns
cnvkit_0.9.10_manual/TOV3133G_P65_new/TOV3133G_P65.cns,TOV3133G_P65.cns,90751440b4bbfe1b8f76d89e6195e51b8c0b132869f5d544d54cd343d4d85210,2,True,judy_archive/data/cnvkit wes - new/All samples/TOV3133G_P65_new/TOV3133G_P65.cns;judy_archive/data/cnvkit wes - new/HGS/TOV3133G_P65_new/TOV3133G_P65.cns
cnvkit_0.9.10_manual/TOV3392D_P69_new/TOV3392D_P69.bintest.cns,TOV3392D_P69.bintest.cns,8ac98a2cc1d07482d183343af3cffdf75663226b8aba8538c012d2cd720e911a,2,True,judy_archive/data/cnvkit wes - new/All samples/TOV3392D_P69_new/TOV3392D_P69.bintest.cns;judy_archive/data/cnvkit wes - new/CC/TOV3392D_P69_new/TOV3392D_P69.bintest.cns
cnvkit_0.9.10_manual/TOV3392D_P69_new/TOV3392D_P69.call.cns,TOV3392D_P69.call.cns,923843becca135b21aeb1df6f2f239d893064885bf874183ef834eb040ffbdc4,2,True,judy_archive/data/cnvkit wes - new/All samples/TOV3392D_P69_new/TOV3392D_P69.call.cns;judy_archive/data/cnvkit wes - new/CC/TOV3392D_P69_new/TOV3392D_P69.call.cns
cnvkit_0.9.10_manual/TOV3392D_P69_new/TOV3392D_P69.cns,TOV3392D_P69.cns,c5930ccf3f2243053bcda624e00569f2ea9cab925a5f8a51dc003b3ad1544256,2,True,judy_archive/data/cnvkit wes - new/All samples/TOV3392D_P69_new/TOV3392D_P69.cns;judy_archive/data/cnvkit wes - new/CC/TOV3392D_P69_new/TOV3392D_P69.cns
cnvkit_0.9.10_manual/TOV81D_P23_new/TOV81D_P23.bintest.cns,TOV81D_P23.bintest.cns,88cbe0ac06a3bd809765ff63b3c26ca2d7f96ab0e4384486ef76f3fe710ff912,1,True,judy_archive/data/cnvkit wes - new/20251208 - new samples/TOV81D_P23_new/TOV81D_P23.bintest.cns
cnvkit_0.9.10_manual/TOV81D_P23_new/TOV81D_P23.call.cns,TOV81D_P23.call.cns,8b190b894ec22e39f509fb004feecb31e647e41ab3ed771cafd249d9778c8aff,1,True,judy_archive/data/cnvkit wes - new/20251208 - new samples/TOV81D_P23_new/TOV81D_P23.call.cns
cnvkit_0.9.10_manual/TOV81D_P23_new/TOV81D_P23.cns,TOV81D_P23.cns,383202fcba6135e8008b5da566cfd6e7b535b9450bd6c42033d67c75a71eb2f6,1,True,judy_archive/data/cnvkit wes - new/20251208 - new samples/TOV81D_P23_new/TOV81D_P23.cns
