cell_line,signature,cosine,group,cosmic_source,cosmic_genome,n_snv_used
OV1369-R2,SBS5,0.7354146004926982,clock-like (age),COSMIC_v3.2,GRCh38,594
OV1369-R2,SBS3,0.7267219571933392,other,COSMIC_v3.2,GRCh38,594
OV1369-R2,SBS40,0.7096609058483395,clock-like (age),COSMIC_v3.2,GRCh38,594
OV1369-R2,SBS6,0.6954203235866785,MMR-d / MSI,COSMIC_v3.2,GRCh38,594
OV1369-R2,SBS94,0.6726758544114477,other,COSMIC_v3.2,GRCh38,594
OV1369-R2,SBS89,0.6414779071901241,other,COSMIC_v3.2,GRCh38,594
OV1369-R2,SBS25,0.6094437518190545,other,COSMIC_v3.2,GRCh38,594
OV1369-R2,SBS92,0.6078939299543564,other,COSMIC_v3.2,GRCh38,594
OV1369-R2,SBS15,0.5965012426952713,MMR-d / MSI,COSMIC_v3.2,GRCh38,594
OV1369-R2,SBS24,0.5749958366419242,other,COSMIC_v3.2,GRCh38,594
OV1369-R2,SBS32,0.5634401807989218,other,COSMIC_v3.2,GRCh38,594
OV1369-R2,SBS87,0.5560267136197926,other,COSMIC_v3.2,GRCh38,594
OV1369-R2,SBS44,0.5510755315701487,MMR-d / MSI,COSMIC_v3.2,GRCh38,594
OV1369-R2,SBS29,0.547665156014248,other,COSMIC_v3.2,GRCh38,594
OV1369-R2,SBS39,0.5475181721978932,other,COSMIC_v3.2,GRCh38,594
OV1369-R2,SBS8,0.5429136473422539,other,COSMIC_v3.2,GRCh38,594
OV1369-R2,SBS1,0.539343442700535,clock-like (age),COSMIC_v3.2,GRCh38,594
OV1369-R2,SBS42,0.5381455935836885,other,COSMIC_v3.2,GRCh38,594
OV1369-R2,SBS4,0.5267313863851106,other,COSMIC_v3.2,GRCh38,594
OV1369-R2,SBS30,0.5242378756607063,other,COSMIC_v3.2,GRCh38,594
OV1369-R2,SBS35,0.5012151647048411,other,COSMIC_v3.2,GRCh38,594
OV1369-R2,SBS18,0.4748521682243343,other,COSMIC_v3.2,GRCh38,594
OV1369-R2,SBS31,0.45867108660186784,other,COSMIC_v3.2,GRCh38,594
OV1369-R2,SBS84,0.44949656530208626,other,COSMIC_v3.2,GRCh38,594
OV1369-R2,SBS93,0.44536280582946297,other,COSMIC_v3.2,GRCh38,594
OV1369-R2,SBS23,0.442394483440569,other,COSMIC_v3.2,GRCh38,594
OV1369-R2,SBS11,0.4346000715357784,other,COSMIC_v3.2,GRCh38,594
OV1369-R2,SBS19,0.40128374485712676,other,COSMIC_v3.2,GRCh38,594
OV1369-R2,SBS7b,0.3945942960335541,other,COSMIC_v3.2,GRCh38,594
OV1369-R2,SBS9,0.37653277889004416,other,COSMIC_v3.2,GRCh38,594
OV1369-R2,SBS86,0.37246466409245443,other,COSMIC_v3.2,GRCh38,594
OV1369-R2,SBS20,0.35984620102726667,MMR-d / MSI,COSMIC_v3.2,GRCh38,594
OV1369-R2,SBS10c,0.35832506738978614,POLE proofreading,COSMIC_v3.2,GRCh38,594
OV1369-R2,SBS36,0.34739393925031853,other,COSMIC_v3.2,GRCh38,594
OV1369-R2,SBS41,0.34158099540999803,other,COSMIC_v3.2,GRCh38,594
OV1369-R2,SBS37,0.3332870321524774,other,COSMIC_v3.2,GRCh38,594
OV1369-R2,SBS14,0.30624475747488983,MMR-d / MSI,COSMIC_v3.2,GRCh38,594
OV1369-R2,SBS12,0.28873857870936975,other,COSMIC_v3.2,GRCh38,594
OV1369-R2,SBS7a,0.288663571707263,other,COSMIC_v3.2,GRCh38,594
OV1369-R2,SBS16,0.27374299614276076,other,COSMIC_v3.2,GRCh38,594
OV1369-R2,SBS26,0.26860856880884065,MMR-d / MSI,COSMIC_v3.2,GRCh38,594
OV1369-R2,SBS85,0.22677709117724001,other,COSMIC_v3.2,GRCh38,594
OV1369-R2,SBS10b,0.22669536833654863,POLE proofreading,COSMIC_v3.2,GRCh38,594
OV1369-R2,SBS88,0.2147401483293586,other,COSMIC_v3.2,GRCh38,594
OV1369-R2,SBS10d,0.20915685120282385,POLE proofreading,COSMIC_v3.2,GRCh38,594
OV1369-R2,SBS33,0.19837377208205126,other,COSMIC_v3.2,GRCh38,594
OV1369-R2,SBS38,0.19518536037936793,other,COSMIC_v3.2,GRCh38,594
OV1369-R2,SBS21,0.19044818936438962,MMR-d / MSI,COSMIC_v3.2,GRCh38,594
OV1369-R2,SBS13,0.18811643233641417,other,COSMIC_v3.2,GRCh38,594
OV1369-R2,SBS22,0.1869196026483871,other,COSMIC_v3.2,GRCh38,594
OV1369-R2,SBS7c,0.17952786750719524,other,COSMIC_v3.2,GRCh38,594
OV1369-R2,SBS91,0.17345031595925944,other,COSMIC_v3.2,GRCh38,594
OV1369-R2,SBS2,0.17144478741448985,other,COSMIC_v3.2,GRCh38,594
OV1369-R2,SBS7d,0.17033250898203559,other,COSMIC_v3.2,GRCh38,594
OV1369-R2,SBS10a,0.1585586023687944,POLE proofreading,COSMIC_v3.2,GRCh38,594
OV1369-R2,SBS17a,0.15140930558050017,other,COSMIC_v3.2,GRCh38,594
OV1369-R2,SBS28,0.09787667699038163,POLE proofreading,COSMIC_v3.2,GRCh38,594
OV1369-R2,SBS34,0.08494867692963956,other,COSMIC_v3.2,GRCh38,594
OV1369-R2,SBS90,0.0834351373272853,other,COSMIC_v3.2,GRCh38,594
OV1369-R2,SBS17b,0.06747820185713839,other,COSMIC_v3.2,GRCh38,594
OV2085,SBS5,0.7850286190052017,clock-like (age),COSMIC_v3.2,GRCh38,476
OV2085,SBS40,0.7136021047960812,clock-like (age),COSMIC_v3.2,GRCh38,476
OV2085,SBS3,0.7090557663975596,other,COSMIC_v3.2,GRCh38,476
OV2085,SBS6,0.6584143067839169,MMR-d / MSI,COSMIC_v3.2,GRCh38,476
OV2085,SBS94,0.6513507978746638,other,COSMIC_v3.2,GRCh38,476
OV2085,SBS92,0.6501245248562619,other,COSMIC_v3.2,GRCh38,476
OV2085,SBS31,0.5987651838348141,other,COSMIC_v3.2,GRCh38,476
OV2085,SBS30,0.5987366630278875,other,COSMIC_v3.2,GRCh38,476
OV2085,SBS89,0.585778503120365,other,COSMIC_v3.2,GRCh38,476
OV2085,SBS25,0.5724022253166559,other,COSMIC_v3.2,GRCh38,476
OV2085,SBS15,0.5705390674056091,MMR-d / MSI,COSMIC_v3.2,GRCh38,476
OV2085,SBS23,0.5659712361599011,other,COSMIC_v3.2,GRCh38,476
OV2085,SBS42,0.5578720701692073,other,COSMIC_v3.2,GRCh38,476
OV2085,SBS44,0.5414462314937678,MMR-d / MSI,COSMIC_v3.2,GRCh38,476
OV2085,SBS7b,0.5401338199230452,other,COSMIC_v3.2,GRCh38,476
OV2085,SBS87,0.5312871353079419,other,COSMIC_v3.2,GRCh38,476
OV2085,SBS32,0.5224405552593673,other,COSMIC_v3.2,GRCh38,476
OV2085,SBS24,0.5192018425275333,other,COSMIC_v3.2,GRCh38,476
OV2085,SBS35,0.518305495667471,other,COSMIC_v3.2,GRCh38,476
OV2085,SBS39,0.5116848793436897,other,COSMIC_v3.2,GRCh38,476
OV2085,SBS19,0.49672928075409795,other,COSMIC_v3.2,GRCh38,476
OV2085,SBS11,0.4956331877355897,other,COSMIC_v3.2,GRCh38,476
OV2085,SBS29,0.48800665359520534,other,COSMIC_v3.2,GRCh38,476
OV2085,SBS4,0.48288702258912963,other,COSMIC_v3.2,GRCh38,476
OV2085,SBS1,0.4784136098385329,clock-like (age),COSMIC_v3.2,GRCh38,476
OV2085,SBS84,0.4672530356632992,other,COSMIC_v3.2,GRCh38,476
OV2085,SBS18,0.4499769659673871,other,COSMIC_v3.2,GRCh38,476
OV2085,SBS8,0.4466747875346164,other,COSMIC_v3.2,GRCh38,476
OV2085,SBS9,0.41907646776038304,other,COSMIC_v3.2,GRCh38,476
OV2085,SBS93,0.4098952845302675,other,COSMIC_v3.2,GRCh38,476
OV2085,SBS7a,0.3900977245989643,other,COSMIC_v3.2,GRCh38,476
OV2085,SBS37,0.3706748486856525,other,COSMIC_v3.2,GRCh38,476
OV2085,SBS20,0.36817214970139467,MMR-d / MSI,COSMIC_v3.2,GRCh38,476
OV2085,SBS10b,0.3551549354000042,POLE proofreading,COSMIC_v3.2,GRCh38,476
OV2085,SBS86,0.3517035110837193,other,COSMIC_v3.2,GRCh38,476
OV2085,SBS41,0.3444633474712374,other,COSMIC_v3.2,GRCh38,476
OV2085,SBS10c,0.3390824924032121,POLE proofreading,COSMIC_v3.2,GRCh38,476
OV2085,SBS26,0.33053760602226695,MMR-d / MSI,COSMIC_v3.2,GRCh38,476
OV2085,SBS12,0.31989324462548163,other,COSMIC_v3.2,GRCh38,476
OV2085,SBS36,0.3094667884438517,other,COSMIC_v3.2,GRCh38,476
OV2085,SBS16,0.2946483487217081,other,COSMIC_v3.2,GRCh38,476
OV2085,SBS88,0.264989794936323,other,COSMIC_v3.2,GRCh38,476
OV2085,SBS14,0.2584178276925521,MMR-d / MSI,COSMIC_v3.2,GRCh38,476
OV2085,SBS85,0.24762182942003197,other,COSMIC_v3.2,GRCh38,476
OV2085,SBS38,0.2263606887276658,other,COSMIC_v3.2,GRCh38,476
OV2085,SBS2,0.22227798461440842,other,COSMIC_v3.2,GRCh38,476
OV2085,SBS33,0.19060979602447908,other,COSMIC_v3.2,GRCh38,476
OV2085,SBS7c,0.18354308382831122,other,COSMIC_v3.2,GRCh38,476
OV2085,SBS21,0.1808401028713688,MMR-d / MSI,COSMIC_v3.2,GRCh38,476
OV2085,SBS10d,0.16939590932037799,POLE proofreading,COSMIC_v3.2,GRCh38,476
OV2085,SBS7d,0.15741820339095614,other,COSMIC_v3.2,GRCh38,476
OV2085,SBS17a,0.15278839334491093,other,COSMIC_v3.2,GRCh38,476
OV2085,SBS91,0.15164720621674507,other,COSMIC_v3.2,GRCh38,476
OV2085,SBS22,0.1399043891735533,other,COSMIC_v3.2,GRCh38,476
OV2085,SBS13,0.12795632223189474,other,COSMIC_v3.2,GRCh38,476
OV2085,SBS28,0.12046974979551917,POLE proofreading,COSMIC_v3.2,GRCh38,476
OV2085,SBS10a,0.1190080119709091,POLE proofreading,COSMIC_v3.2,GRCh38,476
OV2085,SBS34,0.08115842133032712,other,COSMIC_v3.2,GRCh38,476
OV2085,SBS17b,0.07135131988329167,other,COSMIC_v3.2,GRCh38,476
OV2085,SBS90,0.059999242302685794,other,COSMIC_v3.2,GRCh38,476
OV2295,SBS5,0.7507824468957753,clock-like (age),COSMIC_v3.2,GRCh38,403
OV2295,SBS3,0.7122716515330116,other,COSMIC_v3.2,GRCh38,403
OV2295,SBS40,0.7102646266234949,clock-like (age),COSMIC_v3.2,GRCh38,403
OV2295,SBS89,0.6362188934741398,other,COSMIC_v3.2,GRCh38,403
OV2295,SBS94,0.6200393269731659,other,COSMIC_v3.2,GRCh38,403
OV2295,SBS25,0.6112839603901565,other,COSMIC_v3.2,GRCh38,403
OV2295,SBS92,0.6000121914848838,other,COSMIC_v3.2,GRCh38,403
OV2295,SBS87,0.5658876754330189,other,COSMIC_v3.2,GRCh38,403
OV2295,SBS6,0.5654457449088899,MMR-d / MSI,COSMIC_v3.2,GRCh38,403
OV2295,SBS39,0.5505834084354055,other,COSMIC_v3.2,GRCh38,403
OV2295,SBS32,0.549239067332979,other,COSMIC_v3.2,GRCh38,403
OV2295,SBS30,0.5332641342086478,other,COSMIC_v3.2,GRCh38,403
OV2295,SBS24,0.5217145186939811,other,COSMIC_v3.2,GRCh38,403
OV2295,SBS1,0.514319519949285,clock-like (age),COSMIC_v3.2,GRCh38,403
OV2295,SBS31,0.5089430000435546,other,COSMIC_v3.2,GRCh38,403
OV2295,SBS44,0.47450144893412566,MMR-d / MSI,COSMIC_v3.2,GRCh38,403
OV2295,SBS42,0.4731996016747308,other,COSMIC_v3.2,GRCh38,403
OV2295,SBS4,0.4670381753639538,other,COSMIC_v3.2,GRCh38,403
OV2295,SBS29,0.4640063002673128,other,COSMIC_v3.2,GRCh38,403
OV2295,SBS11,0.4633556929455186,other,COSMIC_v3.2,GRCh38,403
OV2295,SBS7b,0.45977858898873725,other,COSMIC_v3.2,GRCh38,403
OV2295,SBS8,0.44911936122033697,other,COSMIC_v3.2,GRCh38,403
OV2295,SBS18,0.4444395859150564,other,COSMIC_v3.2,GRCh38,403
OV2295,SBS23,0.4431061382947637,other,COSMIC_v3.2,GRCh38,403
OV2295,SBS35,0.4427921392005987,other,COSMIC_v3.2,GRCh38,403
OV2295,SBS15,0.4320679904632092,MMR-d / MSI,COSMIC_v3.2,GRCh38,403
OV2295,SBS93,0.42411237112254924,other,COSMIC_v3.2,GRCh38,403
OV2295,SBS84,0.41813196848053275,other,COSMIC_v3.2,GRCh38,403
OV2295,SBS9,0.4173278397166646,other,COSMIC_v3.2,GRCh38,403
OV2295,SBS19,0.4063168444234117,other,COSMIC_v3.2,GRCh38,403
OV2295,SBS37,0.4047228428655612,other,COSMIC_v3.2,GRCh38,403
OV2295,SBS86,0.3826248592766728,other,COSMIC_v3.2,GRCh38,403
OV2295,SBS26,0.37449209848114756,MMR-d / MSI,COSMIC_v3.2,GRCh38,403
OV2295,SBS12,0.36882972156902005,other,COSMIC_v3.2,GRCh38,403
OV2295,SBS7a,0.3625511607456561,other,COSMIC_v3.2,GRCh38,403
OV2295,SBS10c,0.3556097062573409,POLE proofreading,COSMIC_v3.2,GRCh38,403
OV2295,SBS36,0.34159563489511796,other,COSMIC_v3.2,GRCh38,403
OV2295,SBS41,0.3315282065132312,other,COSMIC_v3.2,GRCh38,403
OV2295,SBS85,0.2962548863724524,other,COSMIC_v3.2,GRCh38,403
OV2295,SBS20,0.2916539119845075,MMR-d / MSI,COSMIC_v3.2,GRCh38,403
OV2295,SBS21,0.2680265132246913,MMR-d / MSI,COSMIC_v3.2,GRCh38,403
OV2295,SBS10b,0.26695474397819874,POLE proofreading,COSMIC_v3.2,GRCh38,403
OV2295,SBS88,0.2486209818227221,other,COSMIC_v3.2,GRCh38,403
OV2295,SBS7d,0.24685947156141413,other,COSMIC_v3.2,GRCh38,403
OV2295,SBS2,0.24629047366603013,other,COSMIC_v3.2,GRCh38,403
OV2295,SBS16,0.24293739377802845,other,COSMIC_v3.2,GRCh38,403
OV2295,SBS14,0.23660111997610908,MMR-d / MSI,COSMIC_v3.2,GRCh38,403
OV2295,SBS33,0.21553086637280325,other,COSMIC_v3.2,GRCh38,403
OV2295,SBS10d,0.20935865580144467,POLE proofreading,COSMIC_v3.2,GRCh38,403
OV2295,SBS7c,0.19121348678912659,other,COSMIC_v3.2,GRCh38,403
OV2295,SBS38,0.18654144340542758,other,COSMIC_v3.2,GRCh38,403
OV2295,SBS22,0.16472217464075964,other,COSMIC_v3.2,GRCh38,403
OV2295,SBS10a,0.1567123264284414,POLE proofreading,COSMIC_v3.2,GRCh38,403
OV2295,SBS17a,0.15014685137184597,other,COSMIC_v3.2,GRCh38,403
OV2295,SBS91,0.1397338754694704,other,COSMIC_v3.2,GRCh38,403
OV2295,SBS13,0.13940183449671967,other,COSMIC_v3.2,GRCh38,403
OV2295,SBS28,0.06968313168061767,POLE proofreading,COSMIC_v3.2,GRCh38,403
OV2295,SBS17b,0.06603340722823078,other,COSMIC_v3.2,GRCh38,403
OV2295,SBS34,0.0636693753819296,other,COSMIC_v3.2,GRCh38,403
OV2295,SBS90,0.063355868117589,other,COSMIC_v3.2,GRCh38,403
OV2295-R2,SBS40,0.7781899743651396,clock-like (age),COSMIC_v3.2,GRCh38,572
OV2295-R2,SBS3,0.7669054806764618,other,COSMIC_v3.2,GRCh38,572
OV2295-R2,SBS94,0.7507644544043205,other,COSMIC_v3.2,GRCh38,572
OV2295-R2,SBS5,0.7249907717091479,clock-like (age),COSMIC_v3.2,GRCh38,572
OV2295-R2,SBS89,0.7042530330610822,other,COSMIC_v3.2,GRCh38,572
OV2295-R2,SBS4,0.6713886159493814,other,COSMIC_v3.2,GRCh38,572
OV2295-R2,SBS29,0.6537392974231131,other,COSMIC_v3.2,GRCh38,572
OV2295-R2,SBS8,0.6387079900997005,other,COSMIC_v3.2,GRCh38,572
OV2295-R2,SBS24,0.6327173514104829,other,COSMIC_v3.2,GRCh38,572
OV2295-R2,SBS92,0.6261825154082853,other,COSMIC_v3.2,GRCh38,572
OV2295-R2,SBS25,0.6161599525872994,other,COSMIC_v3.2,GRCh38,572
OV2295-R2,SBS18,0.5962714437245665,other,COSMIC_v3.2,GRCh38,572
OV2295-R2,SBS35,0.5711675782867589,other,COSMIC_v3.2,GRCh38,572
OV2295-R2,SBS31,0.5426937614688442,other,COSMIC_v3.2,GRCh38,572
OV2295-R2,SBS39,0.533833635947352,other,COSMIC_v3.2,GRCh38,572
OV2295-R2,SBS6,0.5085821096439466,MMR-d / MSI,COSMIC_v3.2,GRCh38,572
OV2295-R2,SBS32,0.5075661546930758,other,COSMIC_v3.2,GRCh38,572
OV2295-R2,SBS42,0.5020488957375214,other,COSMIC_v3.2,GRCh38,572
OV2295-R2,SBS87,0.4952143392483264,other,COSMIC_v3.2,GRCh38,572
OV2295-R2,SBS30,0.47773851646860144,other,COSMIC_v3.2,GRCh38,572
OV2295-R2,SBS44,0.4649331466548389,MMR-d / MSI,COSMIC_v3.2,GRCh38,572
OV2295-R2,SBS7b,0.44756321188301995,other,COSMIC_v3.2,GRCh38,572
OV2295-R2,SBS15,0.44491107465057605,MMR-d / MSI,COSMIC_v3.2,GRCh38,572
OV2295-R2,SBS93,0.44077746167733217,other,COSMIC_v3.2,GRCh38,572
OV2295-R2,SBS36,0.438054956695866,other,COSMIC_v3.2,GRCh38,572
OV2295-R2,SBS1,0.4347376929777648,clock-like (age),COSMIC_v3.2,GRCh38,572
OV2295-R2,SBS11,0.4292340477378529,other,COSMIC_v3.2,GRCh38,572
OV2295-R2,SBS23,0.4289147928069258,other,COSMIC_v3.2,GRCh38,572
OV2295-R2,SBS9,0.4123141674442944,other,COSMIC_v3.2,GRCh38,572
OV2295-R2,SBS19,0.39270466447637165,other,COSMIC_v3.2,GRCh38,572
OV2295-R2,SBS84,0.3892709768505584,other,COSMIC_v3.2,GRCh38,572
OV2295-R2,SBS10c,0.38653779447546127,POLE proofreading,COSMIC_v3.2,GRCh38,572
OV2295-R2,SBS20,0.38354054485521905,MMR-d / MSI,COSMIC_v3.2,GRCh38,572
OV2295-R2,SBS37,0.3724964887031045,other,COSMIC_v3.2,GRCh38,572
OV2295-R2,SBS14,0.3557361597237711,MMR-d / MSI,COSMIC_v3.2,GRCh38,572
OV2295-R2,SBS86,0.3488591396687368,other,COSMIC_v3.2,GRCh38,572
OV2295-R2,SBS41,0.3355052080524719,other,COSMIC_v3.2,GRCh38,572
OV2295-R2,SBS7a,0.3324480629019405,other,COSMIC_v3.2,GRCh38,572
OV2295-R2,SBS38,0.3323664438867881,other,COSMIC_v3.2,GRCh38,572
OV2295-R2,SBS12,0.3183359948666122,other,COSMIC_v3.2,GRCh38,572
OV2295-R2,SBS26,0.3150160867303249,MMR-d / MSI,COSMIC_v3.2,GRCh38,572
OV2295-R2,SBS16,0.2761452405736583,other,COSMIC_v3.2,GRCh38,572
OV2295-R2,SBS85,0.26544865449303945,other,COSMIC_v3.2,GRCh38,572
OV2295-R2,SBS88,0.23556917940752145,other,COSMIC_v3.2,GRCh38,572
OV2295-R2,SBS10d,0.23341642716785058,POLE proofreading,COSMIC_v3.2,GRCh38,572
OV2295-R2,SBS7d,0.23254867877005617,other,COSMIC_v3.2,GRCh38,572
OV2295-R2,SBS91,0.2222021720857482,other,COSMIC_v3.2,GRCh38,572
OV2295-R2,SBS21,0.20998016566048225,MMR-d / MSI,COSMIC_v3.2,GRCh38,572
OV2295-R2,SBS10b,0.20949148433746342,POLE proofreading,COSMIC_v3.2,GRCh38,572
OV2295-R2,SBS22,0.19517529686850982,other,COSMIC_v3.2,GRCh38,572
OV2295-R2,SBS2,0.1882995808348952,other,COSMIC_v3.2,GRCh38,572
OV2295-R2,SBS7c,0.18694735555836794,other,COSMIC_v3.2,GRCh38,572
OV2295-R2,SBS33,0.17217747713013828,other,COSMIC_v3.2,GRCh38,572
OV2295-R2,SBS17a,0.15961217975619382,other,COSMIC_v3.2,GRCh38,572
OV2295-R2,SBS13,0.151145116326851,other,COSMIC_v3.2,GRCh38,572
OV2295-R2,SBS10a,0.1495406539519437,POLE proofreading,COSMIC_v3.2,GRCh38,572
OV2295-R2,SBS34,0.10602695654616968,other,COSMIC_v3.2,GRCh38,572
OV2295-R2,SBS28,0.10180168859904463,POLE proofreading,COSMIC_v3.2,GRCh38,572
OV2295-R2,SBS90,0.08881166550688964,other,COSMIC_v3.2,GRCh38,572
OV2295-R2,SBS17b,0.0641908184340438,other,COSMIC_v3.2,GRCh38,572
OV3133-R,SBS5,0.7758489028928052,clock-like (age),COSMIC_v3.2,GRCh38,437
OV3133-R,SBS40,0.7585864677464973,clock-like (age),COSMIC_v3.2,GRCh38,437
OV3133-R,SBS3,0.7341611481961116,other,COSMIC_v3.2,GRCh38,437
OV3133-R,SBS94,0.7263223680223935,other,COSMIC_v3.2,GRCh38,437
OV3133-R,SBS92,0.6692038124707174,other,COSMIC_v3.2,GRCh38,437
OV3133-R,SBS25,0.6278122198343186,other,COSMIC_v3.2,GRCh38,437
OV3133-R,SBS89,0.6260895381671665,other,COSMIC_v3.2,GRCh38,437
OV3133-R,SBS4,0.5992760591941632,other,COSMIC_v3.2,GRCh38,437
OV3133-R,SBS35,0.5693139549097156,other,COSMIC_v3.2,GRCh38,437
OV3133-R,SBS87,0.5680278847034258,other,COSMIC_v3.2,GRCh38,437
OV3133-R,SBS24,0.5652607983183039,other,COSMIC_v3.2,GRCh38,437
OV3133-R,SBS8,0.5637464063420987,other,COSMIC_v3.2,GRCh38,437
OV3133-R,SBS29,0.5619500581826142,other,COSMIC_v3.2,GRCh38,437
OV3133-R,SBS6,0.5410762436884086,MMR-d / MSI,COSMIC_v3.2,GRCh38,437
OV3133-R,SBS39,0.5293971775922313,other,COSMIC_v3.2,GRCh38,437
OV3133-R,SBS18,0.5215739078844089,other,COSMIC_v3.2,GRCh38,437
OV3133-R,SBS31,0.5144462214106135,other,COSMIC_v3.2,GRCh38,437
OV3133-R,SBS42,0.4986530500120967,other,COSMIC_v3.2,GRCh38,437
OV3133-R,SBS30,0.4971845618686998,other,COSMIC_v3.2,GRCh38,437
OV3133-R,SBS44,0.485706525304327,MMR-d / MSI,COSMIC_v3.2,GRCh38,437
OV3133-R,SBS7b,0.48138212136500197,other,COSMIC_v3.2,GRCh38,437
OV3133-R,SBS15,0.44347306836307454,MMR-d / MSI,COSMIC_v3.2,GRCh38,437
OV3133-R,SBS93,0.4387007961200916,other,COSMIC_v3.2,GRCh38,437
OV3133-R,SBS32,0.42839165776015664,other,COSMIC_v3.2,GRCh38,437
OV3133-R,SBS1,0.42589435721712504,clock-like (age),COSMIC_v3.2,GRCh38,437
OV3133-R,SBS23,0.4246936407974108,other,COSMIC_v3.2,GRCh38,437
OV3133-R,SBS20,0.4220695263574572,MMR-d / MSI,COSMIC_v3.2,GRCh38,437
OV3133-R,SBS11,0.4210465344248998,other,COSMIC_v3.2,GRCh38,437
OV3133-R,SBS7a,0.4068100782372099,other,COSMIC_v3.2,GRCh38,437
OV3133-R,SBS9,0.40442615573278856,other,COSMIC_v3.2,GRCh38,437
OV3133-R,SBS10c,0.39767746760782774,POLE proofreading,COSMIC_v3.2,GRCh38,437
OV3133-R,SBS36,0.38793760014167816,other,COSMIC_v3.2,GRCh38,437
OV3133-R,SBS38,0.3769400921789988,other,COSMIC_v3.2,GRCh38,437
OV3133-R,SBS37,0.37169798628424533,other,COSMIC_v3.2,GRCh38,437
OV3133-R,SBS84,0.3694293543274052,other,COSMIC_v3.2,GRCh38,437
OV3133-R,SBS14,0.36639963190114905,MMR-d / MSI,COSMIC_v3.2,GRCh38,437
OV3133-R,SBS12,0.36625993507388116,other,COSMIC_v3.2,GRCh38,437
OV3133-R,SBS19,0.36621989433033203,other,COSMIC_v3.2,GRCh38,437
OV3133-R,SBS16,0.3616132994994886,other,COSMIC_v3.2,GRCh38,437
OV3133-R,SBS26,0.36063089945601484,MMR-d / MSI,COSMIC_v3.2,GRCh38,437
OV3133-R,SBS41,0.3559110303008325,other,COSMIC_v3.2,GRCh38,437
OV3133-R,SBS86,0.34649105750520903,other,COSMIC_v3.2,GRCh38,437
OV3133-R,SBS10b,0.31258788378148467,POLE proofreading,COSMIC_v3.2,GRCh38,437
OV3133-R,SBS88,0.28330973104294277,other,COSMIC_v3.2,GRCh38,437
OV3133-R,SBS85,0.2745364420089785,other,COSMIC_v3.2,GRCh38,437
OV3133-R,SBS21,0.24702216691634346,MMR-d / MSI,COSMIC_v3.2,GRCh38,437
OV3133-R,SBS2,0.23544331534498425,other,COSMIC_v3.2,GRCh38,437
OV3133-R,SBS7d,0.2343945305245386,other,COSMIC_v3.2,GRCh38,437
OV3133-R,SBS10d,0.2255261826679538,POLE proofreading,COSMIC_v3.2,GRCh38,437
OV3133-R,SBS13,0.22478714252450785,other,COSMIC_v3.2,GRCh38,437
OV3133-R,SBS22,0.20486573571337033,other,COSMIC_v3.2,GRCh38,437
OV3133-R,SBS7c,0.20173293531015296,other,COSMIC_v3.2,GRCh38,437
OV3133-R,SBS33,0.19886811063515808,other,COSMIC_v3.2,GRCh38,437
OV3133-R,SBS91,0.19676792315138966,other,COSMIC_v3.2,GRCh38,437
OV3133-R,SBS17a,0.1823904296822468,other,COSMIC_v3.2,GRCh38,437
OV3133-R,SBS10a,0.15108108079130758,POLE proofreading,COSMIC_v3.2,GRCh38,437
OV3133-R,SBS90,0.11997071473915122,other,COSMIC_v3.2,GRCh38,437
OV3133-R,SBS34,0.11505442128232357,other,COSMIC_v3.2,GRCh38,437
OV3133-R,SBS28,0.08338587231753003,POLE proofreading,COSMIC_v3.2,GRCh38,437
OV3133-R,SBS17b,0.06588645408708621,other,COSMIC_v3.2,GRCh38,437
OV3133-R2,SBS5,0.7952125769903043,clock-like (age),COSMIC_v3.2,GRCh38,395
OV3133-R2,SBS40,0.7282311260563349,clock-like (age),COSMIC_v3.2,GRCh38,395
OV3133-R2,SBS3,0.7063856843652514,other,COSMIC_v3.2,GRCh38,395
OV3133-R2,SBS94,0.6746038200087916,other,COSMIC_v3.2,GRCh38,395
OV3133-R2,SBS92,0.6648212899350485,other,COSMIC_v3.2,GRCh38,395
OV3133-R2,SBS6,0.6281290718864233,MMR-d / MSI,COSMIC_v3.2,GRCh38,395
OV3133-R2,SBS25,0.6240546997466048,other,COSMIC_v3.2,GRCh38,395
OV3133-R2,SBS87,0.6059741626555762,other,COSMIC_v3.2,GRCh38,395
OV3133-R2,SBS89,0.6018615316387411,other,COSMIC_v3.2,GRCh38,395
OV3133-R2,SBS44,0.5748484045319592,MMR-d / MSI,COSMIC_v3.2,GRCh38,395
OV3133-R2,SBS30,0.526365720785003,other,COSMIC_v3.2,GRCh38,395
OV3133-R2,SBS4,0.5222010505544697,other,COSMIC_v3.2,GRCh38,395
OV3133-R2,SBS24,0.5212432433951363,other,COSMIC_v3.2,GRCh38,395
OV3133-R2,SBS29,0.5175322717510792,other,COSMIC_v3.2,GRCh38,395
OV3133-R2,SBS18,0.5143445566954963,other,COSMIC_v3.2,GRCh38,395
OV3133-R2,SBS42,0.5127413367214718,other,COSMIC_v3.2,GRCh38,395
OV3133-R2,SBS35,0.5079993909326836,other,COSMIC_v3.2,GRCh38,395
OV3133-R2,SBS31,0.5046300891699029,other,COSMIC_v3.2,GRCh38,395
OV3133-R2,SBS8,0.5044925653225746,other,COSMIC_v3.2,GRCh38,395
OV3133-R2,SBS39,0.4978019648267929,other,COSMIC_v3.2,GRCh38,395
OV3133-R2,SBS1,0.4941283059160265,clock-like (age),COSMIC_v3.2,GRCh38,395
OV3133-R2,SBS32,0.4826748018722091,other,COSMIC_v3.2,GRCh38,395
OV3133-R2,SBS15,0.474372913440446,MMR-d / MSI,COSMIC_v3.2,GRCh38,395
OV3133-R2,SBS23,0.4586679845451907,other,COSMIC_v3.2,GRCh38,395
OV3133-R2,SBS7b,0.442057099814096,other,COSMIC_v3.2,GRCh38,395
OV3133-R2,SBS84,0.4375513987217318,other,COSMIC_v3.2,GRCh38,395
OV3133-R2,SBS10c,0.4362073155232192,POLE proofreading,COSMIC_v3.2,GRCh38,395
OV3133-R2,SBS93,0.4359602802881674,other,COSMIC_v3.2,GRCh38,395
OV3133-R2,SBS20,0.4215761792934207,MMR-d / MSI,COSMIC_v3.2,GRCh38,395
OV3133-R2,SBS9,0.411909132335458,other,COSMIC_v3.2,GRCh38,395
OV3133-R2,SBS19,0.41003613640519176,other,COSMIC_v3.2,GRCh38,395
OV3133-R2,SBS11,0.40941551713634344,other,COSMIC_v3.2,GRCh38,395
OV3133-R2,SBS36,0.3974250561728074,other,COSMIC_v3.2,GRCh38,395
OV3133-R2,SBS12,0.3856512404556932,other,COSMIC_v3.2,GRCh38,395
OV3133-R2,SBS26,0.3809937054758824,MMR-d / MSI,COSMIC_v3.2,GRCh38,395
OV3133-R2,SBS37,0.3784911736323153,other,COSMIC_v3.2,GRCh38,395
OV3133-R2,SBS14,0.3616773176017479,MMR-d / MSI,COSMIC_v3.2,GRCh38,395
OV3133-R2,SBS7a,0.3553172169842919,other,COSMIC_v3.2,GRCh38,395
OV3133-R2,SBS16,0.35023164614193036,other,COSMIC_v3.2,GRCh38,395
OV3133-R2,SBS41,0.33667831473833165,other,COSMIC_v3.2,GRCh38,395
OV3133-R2,SBS86,0.31993018465341844,other,COSMIC_v3.2,GRCh38,395
OV3133-R2,SBS10b,0.31177271618376795,POLE proofreading,COSMIC_v3.2,GRCh38,395
OV3133-R2,SBS88,0.29340837638527556,other,COSMIC_v3.2,GRCh38,395
OV3133-R2,SBS38,0.27853547726372824,other,COSMIC_v3.2,GRCh38,395
OV3133-R2,SBS85,0.2624915549962428,other,COSMIC_v3.2,GRCh38,395
OV3133-R2,SBS10d,0.26184424909884896,POLE proofreading,COSMIC_v3.2,GRCh38,395
OV3133-R2,SBS21,0.2557329637542007,MMR-d / MSI,COSMIC_v3.2,GRCh38,395
OV3133-R2,SBS7d,0.24193368599423368,other,COSMIC_v3.2,GRCh38,395
OV3133-R2,SBS7c,0.22168220252918794,other,COSMIC_v3.2,GRCh38,395
OV3133-R2,SBS33,0.2216468004616649,other,COSMIC_v3.2,GRCh38,395
OV3133-R2,SBS91,0.21738263235757457,other,COSMIC_v3.2,GRCh38,395
OV3133-R2,SBS10a,0.21022950217344616,POLE proofreading,COSMIC_v3.2,GRCh38,395
OV3133-R2,SBS13,0.20039039445985138,other,COSMIC_v3.2,GRCh38,395
OV3133-R2,SBS2,0.18367853399225453,other,COSMIC_v3.2,GRCh38,395
OV3133-R2,SBS17a,0.18039852911179083,other,COSMIC_v3.2,GRCh38,395
OV3133-R2,SBS22,0.16137038934024767,other,COSMIC_v3.2,GRCh38,395
OV3133-R2,SBS34,0.07926992370459508,other,COSMIC_v3.2,GRCh38,395
OV3133-R2,SBS90,0.07831286322353156,other,COSMIC_v3.2,GRCh38,395
OV3133-R2,SBS28,0.06833184532647608,POLE proofreading,COSMIC_v3.2,GRCh38,395
OV3133-R2,SBS17b,0.06079786013516184,other,COSMIC_v3.2,GRCh38,395
OV3291,SBS5,0.7647135991588787,clock-like (age),COSMIC_v3.2,GRCh38,430
OV3291,SBS40,0.7469415124234984,clock-like (age),COSMIC_v3.2,GRCh38,430
OV3291,SBS3,0.7401417215789987,other,COSMIC_v3.2,GRCh38,430
OV3291,SBS94,0.6984876837497869,other,COSMIC_v3.2,GRCh38,430
OV3291,SBS89,0.646724778552432,other,COSMIC_v3.2,GRCh38,430
OV3291,SBS92,0.6456044904248771,other,COSMIC_v3.2,GRCh38,430
OV3291,SBS25,0.6138173267932878,other,COSMIC_v3.2,GRCh38,430
OV3291,SBS24,0.6098023525545514,other,COSMIC_v3.2,GRCh38,430
OV3291,SBS44,0.5910714773391454,MMR-d / MSI,COSMIC_v3.2,GRCh38,430
OV3291,SBS4,0.5846204691265281,other,COSMIC_v3.2,GRCh38,430
OV3291,SBS6,0.5808859175951562,MMR-d / MSI,COSMIC_v3.2,GRCh38,430
OV3291,SBS29,0.5693204019508423,other,COSMIC_v3.2,GRCh38,430
OV3291,SBS42,0.5592454904849632,other,COSMIC_v3.2,GRCh38,430
OV3291,SBS8,0.5499304095006637,other,COSMIC_v3.2,GRCh38,430
OV3291,SBS39,0.5392038905943016,other,COSMIC_v3.2,GRCh38,430
OV3291,SBS18,0.5190100698960859,other,COSMIC_v3.2,GRCh38,430
OV3291,SBS35,0.5096811145319193,other,COSMIC_v3.2,GRCh38,430
OV3291,SBS32,0.5000228293975665,other,COSMIC_v3.2,GRCh38,430
OV3291,SBS30,0.49980920445852045,other,COSMIC_v3.2,GRCh38,430
OV3291,SBS15,0.49838411978726843,MMR-d / MSI,COSMIC_v3.2,GRCh38,430
OV3291,SBS87,0.4905283823834723,other,COSMIC_v3.2,GRCh38,430
OV3291,SBS31,0.4857038456025297,other,COSMIC_v3.2,GRCh38,430
OV3291,SBS84,0.4714223410642484,other,COSMIC_v3.2,GRCh38,430
OV3291,SBS20,0.45550869474409517,MMR-d / MSI,COSMIC_v3.2,GRCh38,430
OV3291,SBS23,0.455230945551271,other,COSMIC_v3.2,GRCh38,430
OV3291,SBS1,0.43567512131580655,clock-like (age),COSMIC_v3.2,GRCh38,430
OV3291,SBS19,0.4354150705375019,other,COSMIC_v3.2,GRCh38,430
OV3291,SBS93,0.4288597518568701,other,COSMIC_v3.2,GRCh38,430
OV3291,SBS11,0.4269400744307402,other,COSMIC_v3.2,GRCh38,430
OV3291,SBS9,0.42487362016202235,other,COSMIC_v3.2,GRCh38,430
OV3291,SBS7b,0.42359692955064326,other,COSMIC_v3.2,GRCh38,430
OV3291,SBS10c,0.41817695997879095,POLE proofreading,COSMIC_v3.2,GRCh38,430
OV3291,SBS37,0.4146690123224229,other,COSMIC_v3.2,GRCh38,430
OV3291,SBS36,0.3960373682505697,other,COSMIC_v3.2,GRCh38,430
OV3291,SBS12,0.37894786411771897,other,COSMIC_v3.2,GRCh38,430
OV3291,SBS26,0.3752381760159706,MMR-d / MSI,COSMIC_v3.2,GRCh38,430
OV3291,SBS86,0.37077096829826467,other,COSMIC_v3.2,GRCh38,430
OV3291,SBS14,0.3661005392675939,MMR-d / MSI,COSMIC_v3.2,GRCh38,430
OV3291,SBS41,0.3640706040323244,other,COSMIC_v3.2,GRCh38,430
OV3291,SBS7a,0.35676661975156676,other,COSMIC_v3.2,GRCh38,430
OV3291,SBS85,0.3052341152376153,other,COSMIC_v3.2,GRCh38,430
OV3291,SBS16,0.28449361108875704,other,COSMIC_v3.2,GRCh38,430
OV3291,SBS88,0.2702381116401535,other,COSMIC_v3.2,GRCh38,430
OV3291,SBS38,0.2569112620440698,other,COSMIC_v3.2,GRCh38,430
OV3291,SBS10b,0.25070950270881937,POLE proofreading,COSMIC_v3.2,GRCh38,430
OV3291,SBS10d,0.24944277364429035,POLE proofreading,COSMIC_v3.2,GRCh38,430
OV3291,SBS91,0.241365592553659,other,COSMIC_v3.2,GRCh38,430
OV3291,SBS21,0.2303676656577378,MMR-d / MSI,COSMIC_v3.2,GRCh38,430
OV3291,SBS7d,0.22838596411373555,other,COSMIC_v3.2,GRCh38,430
OV3291,SBS7c,0.21255535347894922,other,COSMIC_v3.2,GRCh38,430
OV3291,SBS2,0.20601956835199342,other,COSMIC_v3.2,GRCh38,430
OV3291,SBS13,0.1846842431156282,other,COSMIC_v3.2,GRCh38,430
OV3291,SBS33,0.1840563066271291,other,COSMIC_v3.2,GRCh38,430
OV3291,SBS10a,0.1645990749799525,POLE proofreading,COSMIC_v3.2,GRCh38,430
OV3291,SBS17a,0.15860537618067605,other,COSMIC_v3.2,GRCh38,430
OV3291,SBS22,0.14960253571197557,other,COSMIC_v3.2,GRCh38,430
OV3291,SBS34,0.08958722237889938,other,COSMIC_v3.2,GRCh38,430
OV3291,SBS17b,0.07947793593061209,other,COSMIC_v3.2,GRCh38,430
OV3291,SBS28,0.0788860592526672,POLE proofreading,COSMIC_v3.2,GRCh38,430
OV3291,SBS90,0.05595563223136692,other,COSMIC_v3.2,GRCh38,430
OV3331,SBS5,0.7149486084113109,clock-like (age),COSMIC_v3.2,GRCh38,303
OV3331,SBS6,0.6605951527303263,MMR-d / MSI,COSMIC_v3.2,GRCh38,303
OV3331,SBS92,0.6204563354660297,other,COSMIC_v3.2,GRCh38,303
OV3331,SBS24,0.6114782332264951,other,COSMIC_v3.2,GRCh38,303
OV3331,SBS3,0.602786639413386,other,COSMIC_v3.2,GRCh38,303
OV3331,SBS40,0.6023775541093854,clock-like (age),COSMIC_v3.2,GRCh38,303
OV3331,SBS94,0.5880906954017182,other,COSMIC_v3.2,GRCh38,303
OV3331,SBS15,0.585697049041831,MMR-d / MSI,COSMIC_v3.2,GRCh38,303
OV3331,SBS1,0.5772540576711409,clock-like (age),COSMIC_v3.2,GRCh38,303
OV3331,SBS87,0.5557161356956959,other,COSMIC_v3.2,GRCh38,303
OV3331,SBS29,0.5397642915084143,other,COSMIC_v3.2,GRCh38,303
OV3331,SBS25,0.5326857778376421,other,COSMIC_v3.2,GRCh38,303
OV3331,SBS89,0.5161692885029873,other,COSMIC_v3.2,GRCh38,303
OV3331,SBS44,0.47177349504162197,MMR-d / MSI,COSMIC_v3.2,GRCh38,303
OV3331,SBS32,0.461925726821115,other,COSMIC_v3.2,GRCh38,303
OV3331,SBS39,0.44248175628547337,other,COSMIC_v3.2,GRCh38,303
OV3331,SBS31,0.4400133827760932,other,COSMIC_v3.2,GRCh38,303
OV3331,SBS42,0.4346739994210587,other,COSMIC_v3.2,GRCh38,303
OV3331,SBS30,0.4244754348535208,other,COSMIC_v3.2,GRCh38,303
OV3331,SBS8,0.42309556760324746,other,COSMIC_v3.2,GRCh38,303
OV3331,SBS18,0.41790297363489354,other,COSMIC_v3.2,GRCh38,303
OV3331,SBS4,0.41465647731281746,other,COSMIC_v3.2,GRCh38,303
OV3331,SBS26,0.39789463905702005,MMR-d / MSI,COSMIC_v3.2,GRCh38,303
OV3331,SBS35,0.3921554042979251,other,COSMIC_v3.2,GRCh38,303
OV3331,SBS23,0.38953177851461007,other,COSMIC_v3.2,GRCh38,303
OV3331,SBS37,0.38845668515700865,other,COSMIC_v3.2,GRCh38,303
OV3331,SBS93,0.37582652483404416,other,COSMIC_v3.2,GRCh38,303
OV3331,SBS12,0.3672231949435309,other,COSMIC_v3.2,GRCh38,303
OV3331,SBS84,0.3607697996308457,other,COSMIC_v3.2,GRCh38,303
OV3331,SBS9,0.3561915745721004,other,COSMIC_v3.2,GRCh38,303
OV3331,SBS19,0.3551050088796662,other,COSMIC_v3.2,GRCh38,303
OV3331,SBS7b,0.3481389132779194,other,COSMIC_v3.2,GRCh38,303
OV3331,SBS11,0.33658856938400794,other,COSMIC_v3.2,GRCh38,303
OV3331,SBS16,0.3350443826225944,other,COSMIC_v3.2,GRCh38,303
OV3331,SBS41,0.30744469281636033,other,COSMIC_v3.2,GRCh38,303
OV3331,SBS10c,0.30672014086089455,POLE proofreading,COSMIC_v3.2,GRCh38,303
OV3331,SBS10b,0.27815411017215613,POLE proofreading,COSMIC_v3.2,GRCh38,303
OV3331,SBS36,0.27240418779135245,other,COSMIC_v3.2,GRCh38,303
OV3331,SBS86,0.26291291556056473,other,COSMIC_v3.2,GRCh38,303
OV3331,SBS20,0.26289049810745463,MMR-d / MSI,COSMIC_v3.2,GRCh38,303
OV3331,SBS7d,0.2580120847183872,other,COSMIC_v3.2,GRCh38,303
OV3331,SBS7a,0.25646790245803214,other,COSMIC_v3.2,GRCh38,303
OV3331,SBS21,0.2456195790619749,MMR-d / MSI,COSMIC_v3.2,GRCh38,303
OV3331,SBS85,0.2435770172999705,other,COSMIC_v3.2,GRCh38,303
OV3331,SBS88,0.24070747086327443,other,COSMIC_v3.2,GRCh38,303
OV3331,SBS14,0.2136260737866937,MMR-d / MSI,COSMIC_v3.2,GRCh38,303
OV3331,SBS17a,0.20573201101159913,other,COSMIC_v3.2,GRCh38,303
OV3331,SBS2,0.19490839294549048,other,COSMIC_v3.2,GRCh38,303
OV3331,SBS33,0.1859651357401457,other,COSMIC_v3.2,GRCh38,303
OV3331,SBS7c,0.14984529280524111,other,COSMIC_v3.2,GRCh38,303
OV3331,SBS10d,0.1485633268101864,POLE proofreading,COSMIC_v3.2,GRCh38,303
OV3331,SBS38,0.14125877927423042,other,COSMIC_v3.2,GRCh38,303
OV3331,SBS13,0.1376821588966525,other,COSMIC_v3.2,GRCh38,303
OV3331,SBS91,0.11982519342355258,other,COSMIC_v3.2,GRCh38,303
OV3331,SBS10a,0.1033346877190412,POLE proofreading,COSMIC_v3.2,GRCh38,303
OV3331,SBS22,0.10282096811550799,other,COSMIC_v3.2,GRCh38,303
OV3331,SBS34,0.09568012625087738,other,COSMIC_v3.2,GRCh38,303
OV3331,SBS90,0.06967212887536622,other,COSMIC_v3.2,GRCh38,303
OV3331,SBS28,0.03548524381708947,POLE proofreading,COSMIC_v3.2,GRCh38,303
OV3331,SBS17b,0.02671012246342132,other,COSMIC_v3.2,GRCh38,303
OV90,SBS5,0.8070191465408201,clock-like (age),COSMIC_v3.2,GRCh38,583
OV90,SBS40,0.7050124172309813,clock-like (age),COSMIC_v3.2,GRCh38,583
OV90,SBS3,0.6935573160712272,other,COSMIC_v3.2,GRCh38,583
OV90,SBS6,0.691362738972732,MMR-d / MSI,COSMIC_v3.2,GRCh38,583
OV90,SBS94,0.642454059061997,other,COSMIC_v3.2,GRCh38,583
OV90,SBS92,0.6363306942743595,other,COSMIC_v3.2,GRCh38,583
OV90,SBS89,0.6132885098870963,other,COSMIC_v3.2,GRCh38,583
OV90,SBS25,0.5946278195748644,other,COSMIC_v3.2,GRCh38,583
OV90,SBS44,0.5909487959486537,MMR-d / MSI,COSMIC_v3.2,GRCh38,583
OV90,SBS15,0.5724247968302605,MMR-d / MSI,COSMIC_v3.2,GRCh38,583
OV90,SBS24,0.5669340058286582,other,COSMIC_v3.2,GRCh38,583
OV90,SBS87,0.5662340586806447,other,COSMIC_v3.2,GRCh38,583
OV90,SBS1,0.5364079344390814,clock-like (age),COSMIC_v3.2,GRCh38,583
OV90,SBS30,0.5334034910969974,other,COSMIC_v3.2,GRCh38,583
OV90,SBS32,0.5291608201298438,other,COSMIC_v3.2,GRCh38,583
OV90,SBS39,0.52311789068048975,other,COSMIC_v3.2,GRCh38,583
OV90,SBS29,0.517735654738982,other,COSMIC_v3.2,GRCh38,583
OV90,SBS42,0.49645947256805983,other,COSMIC_v3.2,GRCh38,583
OV90,SBS31,0.4696364994089317,other,COSMIC_v3.2,GRCh38,583
OV90,SBS4,0.4614370704549428,other,COSMIC_v3.2,GRCh38,583
OV90,SBS8,0.45535615715737887,other,COSMIC_v3.2,GRCh38,583
OV90,SBS84,0.4501713215325994,other,COSMIC_v3.2,GRCh38,583
OV90,SBS9,0.4453659494794794,other,COSMIC_v3.2,GRCh38,583
OV90,SBS35,0.44212515750258047,other,COSMIC_v3.2,GRCh38,583
OV90,SBS23,0.44149780490885465,other,COSMIC_v3.2,GRCh38,583
OV90,SBS18,0.43917107916299347,other,COSMIC_v3.2,GRCh38,583
OV90,SBS93,0.43280450812805665,other,COSMIC_v3.2,GRCh38,583
OV90,SBS7b,0.4227045175400356,other,COSMIC_v3.2,GRCh38,583
OV90,SBS37,0.4159385191618319,other,COSMIC_v3.2,GRCh38,583
OV90,SBS11,0.41550864299375245,other,COSMIC_v3.2,GRCh38,583
OV90,SBS26,0.4052136409583599,MMR-d / MSI,COSMIC_v3.2,GRCh38,583
OV90,SBS19,0.3904533481189506,other,COSMIC_v3.2,GRCh38,583
OV90,SBS12,0.3851043991137007,other,COSMIC_v3.2,GRCh38,583
OV90,SBS20,0.3740225936528488,MMR-d / MSI,COSMIC_v3.2,GRCh38,583
OV90,SBS10c,0.3635235120089704,POLE proofreading,COSMIC_v3.2,GRCh38,583
OV90,SBS41,0.35907861143225456,other,COSMIC_v3.2,GRCh38,583
OV90,SBS86,0.3494250278671338,other,COSMIC_v3.2,GRCh38,583
OV90,SBS10b,0.32023105184645356,POLE proofreading,COSMIC_v3.2,GRCh38,583
OV90,SBS16,0.3116108929229138,other,COSMIC_v3.2,GRCh38,583
OV90,SBS7a,0.3100939360966338,other,COSMIC_v3.2,GRCh38,583
OV90,SBS36,0.30372803534447734,other,COSMIC_v3.2,GRCh38,583
OV90,SBS85,0.2862810022809112,other,COSMIC_v3.2,GRCh38,583
OV90,SBS88,0.27328812495578264,other,COSMIC_v3.2,GRCh38,583
OV90,SBS14,0.2727198904292197,MMR-d / MSI,COSMIC_v3.2,GRCh38,583
OV90,SBS21,0.2594433483184843,MMR-d / MSI,COSMIC_v3.2,GRCh38,583
OV90,SBS33,0.2577204385426243,other,COSMIC_v3.2,GRCh38,583
OV90,SBS7d,0.24494607768241414,other,COSMIC_v3.2,GRCh38,583
OV90,SBS2,0.20652266325550686,other,COSMIC_v3.2,GRCh38,583
OV90,SBS38,0.19743170103100527,other,COSMIC_v3.2,GRCh38,583
OV90,SBS10d,0.19352880530822664,POLE proofreading,COSMIC_v3.2,GRCh38,583
OV90,SBS91,0.18462062465076423,other,COSMIC_v3.2,GRCh38,583
OV90,SBS17a,0.17896978211450365,other,COSMIC_v3.2,GRCh38,583
OV90,SBS7c,0.16948972141255667,other,COSMIC_v3.2,GRCh38,583
OV90,SBS13,0.14452107973337872,other,COSMIC_v3.2,GRCh38,583
OV90,SBS22,0.12702858936059006,other,COSMIC_v3.2,GRCh38,583
OV90,SBS10a,0.11598134553785873,POLE proofreading,COSMIC_v3.2,GRCh38,583
OV90,SBS34,0.10462876443884431,other,COSMIC_v3.2,GRCh38,583
OV90,SBS28,0.08284726024139319,POLE proofreading,COSMIC_v3.2,GRCh38,583
OV90,SBS17b,0.07719187059007028,other,COSMIC_v3.2,GRCh38,583
OV90,SBS90,0.05828935436981799,other,COSMIC_v3.2,GRCh38,583
TOV112D,SBS5,0.7346547114991576,clock-like (age),COSMIC_v3.2,GRCh38,336
TOV112D,SBS40,0.6623809265635126,clock-like (age),COSMIC_v3.2,GRCh38,336
TOV112D,SBS6,0.6243972500994739,MMR-d / MSI,COSMIC_v3.2,GRCh38,336
TOV112D,SBS3,0.6137019617208699,other,COSMIC_v3.2,GRCh38,336
TOV112D,SBS92,0.6070410439287602,other,COSMIC_v3.2,GRCh38,336
TOV112D,SBS25,0.5951365943121181,other,COSMIC_v3.2,GRCh38,336
TOV112D,SBS94,0.5899035009278016,other,COSMIC_v3.2,GRCh38,336
TOV112D,SBS89,0.5755145806739275,other,COSMIC_v3.2,GRCh38,336
TOV112D,SBS15,0.5670569315587635,MMR-d / MSI,COSMIC_v3.2,GRCh38,336
TOV112D,SBS29,0.5416706185581176,other,COSMIC_v3.2,GRCh38,336
TOV112D,SBS18,0.5221921725211647,other,COSMIC_v3.2,GRCh38,336
TOV112D,SBS24,0.5191840610281243,other,COSMIC_v3.2,GRCh38,336
TOV112D,SBS87,0.514199285332469,other,COSMIC_v3.2,GRCh38,336
TOV112D,SBS4,0.5008887326217764,other,COSMIC_v3.2,GRCh38,336
TOV112D,SBS1,0.4997727088548233,clock-like (age),COSMIC_v3.2,GRCh38,336
TOV112D,SBS44,0.4869073570132483,MMR-d / MSI,COSMIC_v3.2,GRCh38,336
TOV112D,SBS8,0.47834295719744424,other,COSMIC_v3.2,GRCh38,336
TOV112D,SBS30,0.46913542100901306,other,COSMIC_v3.2,GRCh38,336
TOV112D,SBS32,0.46626517406175494,other,COSMIC_v3.2,GRCh38,336
TOV112D,SBS39,0.43516500833578303,other,COSMIC_v3.2,GRCh38,336
TOV112D,SBS31,0.4335163534149958,other,COSMIC_v3.2,GRCh38,336
TOV112D,SBS35,0.4056948613491683,other,COSMIC_v3.2,GRCh38,336
TOV112D,SBS42,0.39501250469333604,other,COSMIC_v3.2,GRCh38,336
TOV112D,SBS36,0.38755178798581746,other,COSMIC_v3.2,GRCh38,336
TOV112D,SBS9,0.3851146503612126,other,COSMIC_v3.2,GRCh38,336
TOV112D,SBS26,0.3775887131426419,MMR-d / MSI,COSMIC_v3.2,GRCh38,336
TOV112D,SBS10c,0.3751829978194665,POLE proofreading,COSMIC_v3.2,GRCh38,336
TOV112D,SBS37,0.3746334204866866,other,COSMIC_v3.2,GRCh38,336
TOV112D,SBS19,0.37341820619378974,other,COSMIC_v3.2,GRCh38,336
TOV112D,SBS93,0.36565712587929533,other,COSMIC_v3.2,GRCh38,336
TOV112D,SBS7b,0.3653914446378409,other,COSMIC_v3.2,GRCh38,336
TOV112D,SBS12,0.350063498676579,other,COSMIC_v3.2,GRCh38,336
TOV112D,SBS23,0.3416267935334887,other,COSMIC_v3.2,GRCh38,336
TOV112D,SBS20,0.3324221751231211,MMR-d / MSI,COSMIC_v3.2,GRCh38,336
TOV112D,SBS14,0.3193148369343904,MMR-d / MSI,COSMIC_v3.2,GRCh38,336
TOV112D,SBS7a,0.31103767738723404,other,COSMIC_v3.2,GRCh38,336
TOV112D,SBS11,0.30532370105057205,other,COSMIC_v3.2,GRCh38,336
TOV112D,SBS10b,0.30373894646500643,POLE proofreading,COSMIC_v3.2,GRCh38,336
TOV112D,SBS84,0.29551172561106503,other,COSMIC_v3.2,GRCh38,336
TOV112D,SBS16,0.28594476803944996,other,COSMIC_v3.2,GRCh38,336
TOV112D,SBS41,0.27555656737661427,other,COSMIC_v3.2,GRCh38,336
TOV112D,SBS86,0.2721586469669356,other,COSMIC_v3.2,GRCh38,336
TOV112D,SBS38,0.232266566920271,other,COSMIC_v3.2,GRCh38,336
TOV112D,SBS88,0.2207951716127809,other,COSMIC_v3.2,GRCh38,336
TOV112D,SBS21,0.21493791353534367,MMR-d / MSI,COSMIC_v3.2,GRCh38,336
TOV112D,SBS10d,0.21481812377937604,POLE proofreading,COSMIC_v3.2,GRCh38,336
TOV112D,SBS2,0.21264656737153204,other,COSMIC_v3.2,GRCh38,336
TOV112D,SBS85,0.20780544808853949,other,COSMIC_v3.2,GRCh38,336
TOV112D,SBS17a,0.20064071619686916,other,COSMIC_v3.2,GRCh38,336
TOV112D,SBS7d,0.1941808144211476,other,COSMIC_v3.2,GRCh38,336
TOV112D,SBS33,0.19411969285559894,other,COSMIC_v3.2,GRCh38,336
TOV112D,SBS91,0.1862878436601275,other,COSMIC_v3.2,GRCh38,336
TOV112D,SBS7c,0.16972760600588752,other,COSMIC_v3.2,GRCh38,336
TOV112D,SBS10a,0.16818609976969073,POLE proofreading,COSMIC_v3.2,GRCh38,336
TOV112D,SBS22,0.13798767780584423,other,COSMIC_v3.2,GRCh38,336
TOV112D,SBS13,0.11001275654581993,other,COSMIC_v3.2,GRCh38,336
TOV112D,SBS17b,0.08763227821656182,other,COSMIC_v3.2,GRCh38,336
TOV112D,SBS28,0.07173962055893575,POLE proofreading,COSMIC_v3.2,GRCh38,336
TOV112D,SBS34,0.05853365602399116,other,COSMIC_v3.2,GRCh38,336
TOV112D,SBS90,0.04805625492633513,other,COSMIC_v3.2,GRCh38,336
TOV1369,SBS3,0.7708350651583217,other,COSMIC_v3.2,GRCh38,686
TOV1369,SBS40,0.7530536271210072,clock-like (age),COSMIC_v3.2,GRCh38,686
TOV1369,SBS5,0.7458799311769558,clock-like (age),COSMIC_v3.2,GRCh38,686
TOV1369,SBS94,0.6975918480537538,other,COSMIC_v3.2,GRCh38,686
TOV1369,SBS89,0.6755957195968726,other,COSMIC_v3.2,GRCh38,686
TOV1369,SBS92,0.6210056769089021,other,COSMIC_v3.2,GRCh38,686
TOV1369,SBS6,0.601689307251135,MMR-d / MSI,COSMIC_v3.2,GRCh38,686
TOV1369,SBS24,0.599254137155742,other,COSMIC_v3.2,GRCh38,686
TOV1369,SBS8,0.5959264318147512,other,COSMIC_v3.2,GRCh38,686
TOV1369,SBS39,0.5942287660463251,other,COSMIC_v3.2,GRCh38,686
TOV1369,SBS25,0.591705108469764,other,COSMIC_v3.2,GRCh38,686
TOV1369,SBS4,0.5845293087985236,other,COSMIC_v3.2,GRCh38,686
TOV1369,SBS29,0.5834796362896685,other,COSMIC_v3.2,GRCh38,686
TOV1369,SBS44,0.5439220844181384,MMR-d / MSI,COSMIC_v3.2,GRCh38,686
TOV1369,SBS32,0.526147669051734,other,COSMIC_v3.2,GRCh38,686
TOV1369,SBS42,0.5235475052664454,other,COSMIC_v3.2,GRCh38,686
TOV1369,SBS87,0.5182978165968161,other,COSMIC_v3.2,GRCh38,686
TOV1369,SBS15,0.5112293878681649,MMR-d / MSI,COSMIC_v3.2,GRCh38,686
TOV1369,SBS35,0.488321462814974,other,COSMIC_v3.2,GRCh38,686
TOV1369,SBS30,0.48424947935001245,other,COSMIC_v3.2,GRCh38,686
TOV1369,SBS18,0.47898306272431146,other,COSMIC_v3.2,GRCh38,686
TOV1369,SBS93,0.4661892619608344,other,COSMIC_v3.2,GRCh38,686
TOV1369,SBS1,0.45362500790212124,clock-like (age),COSMIC_v3.2,GRCh38,686
TOV1369,SBS84,0.443434770764313,other,COSMIC_v3.2,GRCh38,686
TOV1369,SBS31,0.43268647923303455,other,COSMIC_v3.2,GRCh38,686
TOV1369,SBS9,0.3959666207087386,other,COSMIC_v3.2,GRCh38,686
TOV1369,SBS23,0.3949845197289761,other,COSMIC_v3.2,GRCh38,686
TOV1369,SBS11,0.3927923523240266,other,COSMIC_v3.2,GRCh38,686
TOV1369,SBS86,0.390054057558675,other,COSMIC_v3.2,GRCh38,686
TOV1369,SBS19,0.3825397991132523,other,COSMIC_v3.2,GRCh38,686
TOV1369,SBS20,0.38236579535428145,MMR-d / MSI,COSMIC_v3.2,GRCh38,686
TOV1369,SBS7b,0.3712949030460085,other,COSMIC_v3.2,GRCh38,686
TOV1369,SBS41,0.369013136281793,other,COSMIC_v3.2,GRCh38,686
TOV1369,SBS37,0.36109504844028084,other,COSMIC_v3.2,GRCh38,686
TOV1369,SBS36,0.3497736169557347,other,COSMIC_v3.2,GRCh38,686
TOV1369,SBS10c,0.3475907023304433,POLE proofreading,COSMIC_v3.2,GRCh38,686
TOV1369,SBS12,0.3231279545435712,other,COSMIC_v3.2,GRCh38,686
TOV1369,SBS26,0.2968308599145305,MMR-d / MSI,COSMIC_v3.2,GRCh38,686
TOV1369,SBS14,0.2914362048754968,MMR-d / MSI,COSMIC_v3.2,GRCh38,686
TOV1369,SBS16,0.2860211633981371,other,COSMIC_v3.2,GRCh38,686
TOV1369,SBS85,0.2691523567155205,other,COSMIC_v3.2,GRCh38,686
TOV1369,SBS7a,0.267508675448081,other,COSMIC_v3.2,GRCh38,686
TOV1369,SBS91,0.23953566287334563,other,COSMIC_v3.2,GRCh38,686
TOV1369,SBS88,0.23137426562109192,other,COSMIC_v3.2,GRCh38,686
TOV1369,SBS33,0.22709546149254836,other,COSMIC_v3.2,GRCh38,686
TOV1369,SBS10b,0.2256067393009118,POLE proofreading,COSMIC_v3.2,GRCh38,686
TOV1369,SBS21,0.2206058547647221,MMR-d / MSI,COSMIC_v3.2,GRCh38,686
TOV1369,SBS10d,0.21946407762429682,POLE proofreading,COSMIC_v3.2,GRCh38,686
TOV1369,SBS7c,0.20001280466342183,other,COSMIC_v3.2,GRCh38,686
TOV1369,SBS7d,0.19355792970650368,other,COSMIC_v3.2,GRCh38,686
TOV1369,SBS38,0.19161831743104876,other,COSMIC_v3.2,GRCh38,686
TOV1369,SBS2,0.18375033292108714,other,COSMIC_v3.2,GRCh38,686
TOV1369,SBS13,0.18250547393714342,other,COSMIC_v3.2,GRCh38,686
TOV1369,SBS22,0.18033648062487945,other,COSMIC_v3.2,GRCh38,686
TOV1369,SBS17a,0.14705724660728495,other,COSMIC_v3.2,GRCh38,686
TOV1369,SBS10a,0.1166225999954786,POLE proofreading,COSMIC_v3.2,GRCh38,686
TOV1369,SBS34,0.10870560606961367,other,COSMIC_v3.2,GRCh38,686
TOV1369,SBS90,0.10728268978650879,other,COSMIC_v3.2,GRCh38,686
TOV1369,SBS28,0.1060116103636797,POLE proofreading,COSMIC_v3.2,GRCh38,686
TOV1369,SBS17b,0.0559213385061366,other,COSMIC_v3.2,GRCh38,686
TOV21G,SBS6,0.8765484058520572,MMR-d / MSI,COSMIC_v3.2,GRCh38,2417
TOV21G,SBS44,0.8349263580904801,MMR-d / MSI,COSMIC_v3.2,GRCh38,2417
TOV21G,SBS15,0.8094937354088104,MMR-d / MSI,COSMIC_v3.2,GRCh38,2417
TOV21G,SBS5,0.6514579638796552,clock-like (age),COSMIC_v3.2,GRCh38,2417
TOV21G,SBS84,0.633537147820404,other,COSMIC_v3.2,GRCh38,2417
TOV21G,SBS42,0.6023853345640584,other,COSMIC_v3.2,GRCh38,2417
TOV21G,SBS1,0.573069088846516,clock-like (age),COSMIC_v3.2,GRCh38,2417
TOV21G,SBS20,0.5653577910762034,MMR-d / MSI,COSMIC_v3.2,GRCh38,2417
TOV21G,SBS94,0.5255926113586887,other,COSMIC_v3.2,GRCh38,2417
TOV21G,SBS32,0.5184212379220444,other,COSMIC_v3.2,GRCh38,2417
TOV21G,SBS92,0.5038890795892635,other,COSMIC_v3.2,GRCh38,2417
TOV21G,SBS23,0.4944733703732311,other,COSMIC_v3.2,GRCh38,2417
TOV21G,SBS3,0.4872039020559035,other,COSMIC_v3.2,GRCh38,2417
TOV21G,SBS40,0.48464290611966,clock-like (age),COSMIC_v3.2,GRCh38,2417
TOV21G,SBS25,0.4657818799084852,other,COSMIC_v3.2,GRCh38,2417
TOV21G,SBS30,0.4514853739385847,other,COSMIC_v3.2,GRCh38,2417
TOV21G,SBS87,0.44397163998941674,other,COSMIC_v3.2,GRCh38,2417
TOV21G,SBS89,0.4280424401677806,other,COSMIC_v3.2,GRCh38,2417
TOV21G,SBS19,0.4260133634049535,other,COSMIC_v3.2,GRCh38,2417
TOV21G,SBS24,0.4199680730512735,other,COSMIC_v3.2,GRCh38,2417
TOV21G,SBS11,0.3948052199780547,other,COSMIC_v3.2,GRCh38,2417
TOV21G,SBS14,0.37070506102722023,MMR-d / MSI,COSMIC_v3.2,GRCh38,2417
TOV21G,SBS29,0.3537761678090179,other,COSMIC_v3.2,GRCh38,2417
TOV21G,SBS4,0.34550349201510583,other,COSMIC_v3.2,GRCh38,2417
TOV21G,SBS26,0.3429423097693156,MMR-d / MSI,COSMIC_v3.2,GRCh38,2417
TOV21G,SBS35,0.3342659277219687,other,COSMIC_v3.2,GRCh38,2417
TOV21G,SBS18,0.32691202664884295,other,COSMIC_v3.2,GRCh38,2417
TOV21G,SBS31,0.32048297975038814,other,COSMIC_v3.2,GRCh38,2417
TOV21G,SBS10c,0.31518264617032926,POLE proofreading,COSMIC_v3.2,GRCh38,2417
TOV21G,SBS93,0.3026677356989647,other,COSMIC_v3.2,GRCh38,2417
TOV21G,SBS39,0.3013927161764713,other,COSMIC_v3.2,GRCh38,2417
TOV21G,SBS9,0.29735287332624605,other,COSMIC_v3.2,GRCh38,2417
TOV21G,SBS12,0.29191926848402666,other,COSMIC_v3.2,GRCh38,2417
TOV21G,SBS8,0.28784442923658826,other,COSMIC_v3.2,GRCh38,2417
TOV21G,SBS37,0.27328632507208855,other,COSMIC_v3.2,GRCh38,2417
TOV21G,SBS41,0.2519290106845661,other,COSMIC_v3.2,GRCh38,2417
TOV21G,SBS7b,0.25179133818378374,other,COSMIC_v3.2,GRCh38,2417
TOV21G,SBS21,0.24889206764502916,MMR-d / MSI,COSMIC_v3.2,GRCh38,2417
TOV21G,SBS10b,0.23465148929786545,POLE proofreading,COSMIC_v3.2,GRCh38,2417
TOV21G,SBS38,0.23329601752744944,other,COSMIC_v3.2,GRCh38,2417
TOV21G,SBS36,0.23075322933922146,other,COSMIC_v3.2,GRCh38,2417
TOV21G,SBS7a,0.2000924668616473,other,COSMIC_v3.2,GRCh38,2417
TOV21G,SBS33,0.19896952568990156,other,COSMIC_v3.2,GRCh38,2417
TOV21G,SBS7d,0.19402230930236444,other,COSMIC_v3.2,GRCh38,2417
TOV21G,SBS16,0.1938368409790454,other,COSMIC_v3.2,GRCh38,2417
TOV21G,SBS86,0.18360195150291722,other,COSMIC_v3.2,GRCh38,2417
TOV21G,SBS85,0.15717250150710316,other,COSMIC_v3.2,GRCh38,2417
TOV21G,SBS88,0.1557790219621773,other,COSMIC_v3.2,GRCh38,2417
TOV21G,SBS17a,0.14344297635654268,other,COSMIC_v3.2,GRCh38,2417
TOV21G,SBS2,0.12538416474302153,other,COSMIC_v3.2,GRCh38,2417
TOV21G,SBS10d,0.12009416550448386,POLE proofreading,COSMIC_v3.2,GRCh38,2417
TOV21G,SBS10a,0.11284743822622166,POLE proofreading,COSMIC_v3.2,GRCh38,2417
TOV21G,SBS7c,0.10973536314665386,other,COSMIC_v3.2,GRCh38,2417
TOV21G,SBS91,0.07616769414402286,other,COSMIC_v3.2,GRCh38,2417
TOV21G,SBS34,0.0631165382810393,other,COSMIC_v3.2,GRCh38,2417
TOV21G,SBS22,0.06272502600573965,other,COSMIC_v3.2,GRCh38,2417
TOV21G,SBS13,0.04455783219355279,other,COSMIC_v3.2,GRCh38,2417
TOV21G,SBS17b,0.04402671797443971,other,COSMIC_v3.2,GRCh38,2417
TOV21G,SBS28,0.03959211509803668,POLE proofreading,COSMIC_v3.2,GRCh38,2417
TOV21G,SBS90,0.029099384613537064,other,COSMIC_v3.2,GRCh38,2417
TOV2295-R,SBS5,0.768840458065632,clock-like (age),COSMIC_v3.2,GRCh38,418
TOV2295-R,SBS40,0.7408863534219539,clock-like (age),COSMIC_v3.2,GRCh38,418
TOV2295-R,SBS3,0.7391999828349305,other,COSMIC_v3.2,GRCh38,418
TOV2295-R,SBS94,0.6877138151536277,other,COSMIC_v3.2,GRCh38,418
TOV2295-R,SBS92,0.653244577413648,other,COSMIC_v3.2,GRCh38,418
TOV2295-R,SBS31,0.6385515461387756,other,COSMIC_v3.2,GRCh38,418
TOV2295-R,SBS89,0.6273435205032738,other,COSMIC_v3.2,GRCh38,418
TOV2295-R,SBS25,0.5956675439540522,other,COSMIC_v3.2,GRCh38,418
TOV2295-R,SBS30,0.5907844166254234,other,COSMIC_v3.2,GRCh38,418
TOV2295-R,SBS23,0.5748575770930184,other,COSMIC_v3.2,GRCh38,418
TOV2295-R,SBS7b,0.5683157550269935,other,COSMIC_v3.2,GRCh38,418
TOV2295-R,SBS42,0.5645210607348998,other,COSMIC_v3.2,GRCh38,418
TOV2295-R,SBS11,0.5450650939030726,other,COSMIC_v3.2,GRCh38,418
TOV2295-R,SBS35,0.5422273944714149,other,COSMIC_v3.2,GRCh38,418
TOV2295-R,SBS24,0.5357618596129731,other,COSMIC_v3.2,GRCh38,418
TOV2295-R,SBS6,0.5352973782207238,MMR-d / MSI,COSMIC_v3.2,GRCh38,418
TOV2295-R,SBS4,0.534356960529007,other,COSMIC_v3.2,GRCh38,418
TOV2295-R,SBS32,0.5326266710000646,other,COSMIC_v3.2,GRCh38,418
TOV2295-R,SBS18,0.5270626219061036,other,COSMIC_v3.2,GRCh38,418
TOV2295-R,SBS29,0.511375237085696,other,COSMIC_v3.2,GRCh38,418
TOV2295-R,SBS39,0.510695120991475,other,COSMIC_v3.2,GRCh38,418
TOV2295-R,SBS19,0.5000225428575737,other,COSMIC_v3.2,GRCh38,418
TOV2295-R,SBS87,0.4837494264510991,other,COSMIC_v3.2,GRCh38,418
TOV2295-R,SBS8,0.47419239039049266,other,COSMIC_v3.2,GRCh38,418
TOV2295-R,SBS44,0.4645332955367463,MMR-d / MSI,COSMIC_v3.2,GRCh38,418
TOV2295-R,SBS84,0.45904486534250044,other,COSMIC_v3.2,GRCh38,418
TOV2295-R,SBS15,0.4556583558687761,MMR-d / MSI,COSMIC_v3.2,GRCh38,418
TOV2295-R,SBS1,0.42926358322122515,clock-like (age),COSMIC_v3.2,GRCh38,418
TOV2295-R,SBS7a,0.42291332709049284,other,COSMIC_v3.2,GRCh38,418
TOV2295-R,SBS9,0.4179903611042481,other,COSMIC_v3.2,GRCh38,418
TOV2295-R,SBS93,0.3899889761678363,other,COSMIC_v3.2,GRCh38,418
TOV2295-R,SBS37,0.38313522532327815,other,COSMIC_v3.2,GRCh38,418
TOV2295-R,SBS36,0.37587541833558596,other,COSMIC_v3.2,GRCh38,418
TOV2295-R,SBS10c,0.3605059558772251,POLE proofreading,COSMIC_v3.2,GRCh38,418
TOV2295-R,SBS26,0.35915572191293355,MMR-d / MSI,COSMIC_v3.2,GRCh38,418
TOV2295-R,SBS86,0.35220232693401643,other,COSMIC_v3.2,GRCh38,418
TOV2295-R,SBS20,0.34641020006825207,MMR-d / MSI,COSMIC_v3.2,GRCh38,418
TOV2295-R,SBS12,0.3464036850023564,other,COSMIC_v3.2,GRCh38,418
TOV2295-R,SBS41,0.31573160634006603,other,COSMIC_v3.2,GRCh38,418
TOV2295-R,SBS38,0.2973335298180142,other,COSMIC_v3.2,GRCh38,418
TOV2295-R,SBS16,0.29217132203151613,other,COSMIC_v3.2,GRCh38,418
TOV2295-R,SBS14,0.26372012576208653,MMR-d / MSI,COSMIC_v3.2,GRCh38,418
TOV2295-R,SBS85,0.251206449877304,other,COSMIC_v3.2,GRCh38,418
TOV2295-R,SBS88,0.2478534941833007,other,COSMIC_v3.2,GRCh38,418
TOV2295-R,SBS33,0.2463507514076104,other,COSMIC_v3.2,GRCh38,418
TOV2295-R,SBS21,0.24167288955754734,MMR-d / MSI,COSMIC_v3.2,GRCh38,418
TOV2295-R,SBS2,0.24061631699420913,other,COSMIC_v3.2,GRCh38,418
TOV2295-R,SBS7d,0.2361989117018491,other,COSMIC_v3.2,GRCh38,418
TOV2295-R,SBS10b,0.23007882465799462,POLE proofreading,COSMIC_v3.2,GRCh38,418
TOV2295-R,SBS10d,0.19373865453309,POLE proofreading,COSMIC_v3.2,GRCh38,418
TOV2295-R,SBS22,0.1662490247898129,other,COSMIC_v3.2,GRCh38,418
TOV2295-R,SBS7c,0.1536692148168174,other,COSMIC_v3.2,GRCh38,418
TOV2295-R,SBS10a,0.14893759673318266,POLE proofreading,COSMIC_v3.2,GRCh38,418
TOV2295-R,SBS91,0.14751241038369914,other,COSMIC_v3.2,GRCh38,418
TOV2295-R,SBS17a,0.14176284773604172,other,COSMIC_v3.2,GRCh38,418
TOV2295-R,SBS13,0.13773093897897337,other,COSMIC_v3.2,GRCh38,418
TOV2295-R,SBS28,0.09612126268082691,POLE proofreading,COSMIC_v3.2,GRCh38,418
TOV2295-R,SBS17b,0.07429382737997729,other,COSMIC_v3.2,GRCh38,418
TOV2295-R,SBS34,0.055075676515855036,other,COSMIC_v3.2,GRCh38,418
TOV2295-R,SBS90,0.043634152671227465,other,COSMIC_v3.2,GRCh38,418
TOV2414,SBS5,0.7648417877521253,clock-like (age),COSMIC_v3.2,GRCh38,386
TOV2414,SBS40,0.6958682009644934,clock-like (age),COSMIC_v3.2,GRCh38,386
TOV2414,SBS6,0.6663157541007052,MMR-d / MSI,COSMIC_v3.2,GRCh38,386
TOV2414,SBS3,0.6518008893309727,other,COSMIC_v3.2,GRCh38,386
TOV2414,SBS94,0.638094258313025,other,COSMIC_v3.2,GRCh38,386
TOV2414,SBS92,0.6260172271029814,other,COSMIC_v3.2,GRCh38,386
TOV2414,SBS87,0.596654477761749,other,COSMIC_v3.2,GRCh38,386
TOV2414,SBS89,0.5706976551854639,other,COSMIC_v3.2,GRCh38,386
TOV2414,SBS25,0.5702293543063887,other,COSMIC_v3.2,GRCh38,386
TOV2414,SBS44,0.5628862853573584,MMR-d / MSI,COSMIC_v3.2,GRCh38,386
TOV2414,SBS29,0.5493214755510416,other,COSMIC_v3.2,GRCh38,386
TOV2414,SBS1,0.5417299939719403,clock-like (age),COSMIC_v3.2,GRCh38,386
TOV2414,SBS15,0.5377377251257806,MMR-d / MSI,COSMIC_v3.2,GRCh38,386
TOV2414,SBS24,0.5338384586539779,other,COSMIC_v3.2,GRCh38,386
TOV2414,SBS42,0.5221108719778149,other,COSMIC_v3.2,GRCh38,386
TOV2414,SBS32,0.5136399578955201,other,COSMIC_v3.2,GRCh38,386
TOV2414,SBS18,0.5133837798253105,other,COSMIC_v3.2,GRCh38,386
TOV2414,SBS4,0.5091793317700045,other,COSMIC_v3.2,GRCh38,386
TOV2414,SBS30,0.5065391388094204,other,COSMIC_v3.2,GRCh38,386
TOV2414,SBS39,0.47237005355551503,other,COSMIC_v3.2,GRCh38,386
TOV2414,SBS8,0.4660018326244205,other,COSMIC_v3.2,GRCh38,386
TOV2414,SBS23,0.4576676019233243,other,COSMIC_v3.2,GRCh38,386
TOV2414,SBS31,0.4494965692940467,other,COSMIC_v3.2,GRCh38,386
TOV2414,SBS84,0.44657298669567863,other,COSMIC_v3.2,GRCh38,386
TOV2414,SBS11,0.4373781847372897,other,COSMIC_v3.2,GRCh38,386
TOV2414,SBS35,0.41925573017515905,other,COSMIC_v3.2,GRCh38,386
TOV2414,SBS7b,0.41749708035468924,other,COSMIC_v3.2,GRCh38,386
TOV2414,SBS20,0.40402718327930953,MMR-d / MSI,COSMIC_v3.2,GRCh38,386
TOV2414,SBS19,0.4039840891302837,other,COSMIC_v3.2,GRCh38,386
TOV2414,SBS93,0.40005805803441685,other,COSMIC_v3.2,GRCh38,386
TOV2414,SBS9,0.3931744970059101,other,COSMIC_v3.2,GRCh38,386
TOV2414,SBS10c,0.3805903772744256,POLE proofreading,COSMIC_v3.2,GRCh38,386
TOV2414,SBS36,0.37849240610344587,other,COSMIC_v3.2,GRCh38,386
TOV2414,SBS37,0.3566658948681663,other,COSMIC_v3.2,GRCh38,386
TOV2414,SBS26,0.35632957534557713,MMR-d / MSI,COSMIC_v3.2,GRCh38,386
TOV2414,SBS7a,0.3500572981316925,other,COSMIC_v3.2,GRCh38,386
TOV2414,SBS14,0.3449128644429697,MMR-d / MSI,COSMIC_v3.2,GRCh38,386
TOV2414,SBS12,0.33855554388133446,other,COSMIC_v3.2,GRCh38,386
TOV2414,SBS86,0.3213457039979526,other,COSMIC_v3.2,GRCh38,386
TOV2414,SBS41,0.3154599058657552,other,COSMIC_v3.2,GRCh38,386
TOV2414,SBS16,0.3134697305030232,other,COSMIC_v3.2,GRCh38,386
TOV2414,SBS10b,0.30018650673302677,POLE proofreading,COSMIC_v3.2,GRCh38,386
TOV2414,SBS85,0.2595801235582339,other,COSMIC_v3.2,GRCh38,386
TOV2414,SBS38,0.25260654758489665,other,COSMIC_v3.2,GRCh38,386
TOV2414,SBS88,0.24632803710598475,other,COSMIC_v3.2,GRCh38,386
TOV2414,SBS2,0.2433237077058326,other,COSMIC_v3.2,GRCh38,386
TOV2414,SBS91,0.22598596032249754,other,COSMIC_v3.2,GRCh38,386
TOV2414,SBS10d,0.21725902601367608,POLE proofreading,COSMIC_v3.2,GRCh38,386
TOV2414,SBS21,0.20025980165062948,MMR-d / MSI,COSMIC_v3.2,GRCh38,386
TOV2414,SBS33,0.19220917581048746,other,COSMIC_v3.2,GRCh38,386
TOV2414,SBS7d,0.18367420075277913,other,COSMIC_v3.2,GRCh38,386
TOV2414,SBS10a,0.1616152471333364,POLE proofreading,COSMIC_v3.2,GRCh38,386
TOV2414,SBS7c,0.1402088170530128,other,COSMIC_v3.2,GRCh38,386
TOV2414,SBS17a,0.13025748108184668,other,COSMIC_v3.2,GRCh38,386
TOV2414,SBS22,0.12515518031759426,other,COSMIC_v3.2,GRCh38,386
TOV2414,SBS13,0.10922904856114327,other,COSMIC_v3.2,GRCh38,386
TOV2414,SBS34,0.1053036093900261,other,COSMIC_v3.2,GRCh38,386
TOV2414,SBS90,0.0842981014729049,other,COSMIC_v3.2,GRCh38,386
TOV2414,SBS28,0.07388262330355391,POLE proofreading,COSMIC_v3.2,GRCh38,386
TOV2414,SBS17b,0.050774849307635365,other,COSMIC_v3.2,GRCh38,386
TOV2835EP,SBS5,0.7538128821632815,clock-like (age),COSMIC_v3.2,GRCh38,514
TOV2835EP,SBS40,0.7374345882943095,clock-like (age),COSMIC_v3.2,GRCh38,514
TOV2835EP,SBS3,0.7098256221211366,other,COSMIC_v3.2,GRCh38,514
TOV2835EP,SBS94,0.6954643094034636,other,COSMIC_v3.2,GRCh38,514
TOV2835EP,SBS92,0.6450968474259684,other,COSMIC_v3.2,GRCh38,514
TOV2835EP,SBS89,0.6403946270684148,other,COSMIC_v3.2,GRCh38,514
TOV2835EP,SBS4,0.6329421909501126,other,COSMIC_v3.2,GRCh38,514
TOV2835EP,SBS24,0.625183178389942,other,COSMIC_v3.2,GRCh38,514
TOV2835EP,SBS25,0.6183784914793642,other,COSMIC_v3.2,GRCh38,514
TOV2835EP,SBS29,0.6108650807140338,other,COSMIC_v3.2,GRCh38,514
TOV2835EP,SBS6,0.5974729164232188,MMR-d / MSI,COSMIC_v3.2,GRCh38,514
TOV2835EP,SBS42,0.5841233992590389,other,COSMIC_v3.2,GRCh38,514
TOV2835EP,SBS35,0.581500144081359,other,COSMIC_v3.2,GRCh38,514
TOV2835EP,SBS8,0.5808229576257233,other,COSMIC_v3.2,GRCh38,514
TOV2835EP,SBS18,0.5784147298875704,other,COSMIC_v3.2,GRCh38,514
TOV2835EP,SBS44,0.5610746864851467,MMR-d / MSI,COSMIC_v3.2,GRCh38,514
TOV2835EP,SBS31,0.5432409825244034,other,COSMIC_v3.2,GRCh38,514
TOV2835EP,SBS15,0.5315265632251764,MMR-d / MSI,COSMIC_v3.2,GRCh38,514
TOV2835EP,SBS32,0.515630118790556,other,COSMIC_v3.2,GRCh38,514
TOV2835EP,SBS30,0.5124259582703474,other,COSMIC_v3.2,GRCh38,514
TOV2835EP,SBS87,0.4993308587304837,other,COSMIC_v3.2,GRCh38,514
TOV2835EP,SBS23,0.4917246126936903,other,COSMIC_v3.2,GRCh38,514
TOV2835EP,SBS10c,0.4896706535528903,POLE proofreading,COSMIC_v3.2,GRCh38,514
TOV2835EP,SBS39,0.48083614326083685,other,COSMIC_v3.2,GRCh38,514
TOV2835EP,SBS36,0.47801887334307003,other,COSMIC_v3.2,GRCh38,514
TOV2835EP,SBS7b,0.46635663097683544,other,COSMIC_v3.2,GRCh38,514
TOV2835EP,SBS20,0.45881766459058576,MMR-d / MSI,COSMIC_v3.2,GRCh38,514
TOV2835EP,SBS11,0.4568492696428549,other,COSMIC_v3.2,GRCh38,514
TOV2835EP,SBS14,0.45628230602392716,MMR-d / MSI,COSMIC_v3.2,GRCh38,514
TOV2835EP,SBS19,0.4499185448386168,other,COSMIC_v3.2,GRCh38,514
TOV2835EP,SBS1,0.43723764604452203,clock-like (age),COSMIC_v3.2,GRCh38,514
TOV2835EP,SBS84,0.4273002417781924,other,COSMIC_v3.2,GRCh38,514
TOV2835EP,SBS9,0.4032534246475543,other,COSMIC_v3.2,GRCh38,514
TOV2835EP,SBS93,0.39069377437918695,other,COSMIC_v3.2,GRCh38,514
TOV2835EP,SBS7a,0.35998685202663233,other,COSMIC_v3.2,GRCh38,514
TOV2835EP,SBS37,0.33331652609853757,other,COSMIC_v3.2,GRCh38,514
TOV2835EP,SBS26,0.33286724858124506,MMR-d / MSI,COSMIC_v3.2,GRCh38,514
TOV2835EP,SBS10d,0.3307285827674294,POLE proofreading,COSMIC_v3.2,GRCh38,514
TOV2835EP,SBS86,0.31365949914339414,other,COSMIC_v3.2,GRCh38,514
TOV2835EP,SBS16,0.3089637206047869,other,COSMIC_v3.2,GRCh38,514
TOV2835EP,SBS12,0.3043305633189727,other,COSMIC_v3.2,GRCh38,514
TOV2835EP,SBS41,0.2995186402912419,other,COSMIC_v3.2,GRCh38,514
TOV2835EP,SBS10b,0.2980317689472144,POLE proofreading,COSMIC_v3.2,GRCh38,514
TOV2835EP,SBS38,0.27845735517781506,other,COSMIC_v3.2,GRCh38,514
TOV2835EP,SBS10a,0.2720923061138725,POLE proofreading,COSMIC_v3.2,GRCh38,514
TOV2835EP,SBS91,0.2472893357975506,other,COSMIC_v3.2,GRCh38,514
TOV2835EP,SBS21,0.22881238727276496,MMR-d / MSI,COSMIC_v3.2,GRCh38,514
TOV2835EP,SBS88,0.22773791189941828,other,COSMIC_v3.2,GRCh38,514
TOV2835EP,SBS85,0.21774419628659078,other,COSMIC_v3.2,GRCh38,514
TOV2835EP,SBS22,0.2045433163784834,other,COSMIC_v3.2,GRCh38,514
TOV2835EP,SBS2,0.20309938668656485,other,COSMIC_v3.2,GRCh38,514
TOV2835EP,SBS33,0.1991754670011168,other,COSMIC_v3.2,GRCh38,514
TOV2835EP,SBS7d,0.1708317901029581,other,COSMIC_v3.2,GRCh38,514
TOV2835EP,SBS17a,0.16375622805907106,other,COSMIC_v3.2,GRCh38,514
TOV2835EP,SBS7c,0.15820822552471003,other,COSMIC_v3.2,GRCh38,514
TOV2835EP,SBS13,0.12108175344546152,other,COSMIC_v3.2,GRCh38,514
TOV2835EP,SBS34,0.09795556459251968,other,COSMIC_v3.2,GRCh38,514
TOV2835EP,SBS90,0.08399391119907003,other,COSMIC_v3.2,GRCh38,514
TOV2835EP,SBS28,0.07414525399646181,POLE proofreading,COSMIC_v3.2,GRCh38,514
TOV2835EP,SBS17b,0.06926054059273778,other,COSMIC_v3.2,GRCh38,514
TOV2881EP,SBS5,0.7632747321008371,clock-like (age),COSMIC_v3.2,GRCh38,559
TOV2881EP,SBS40,0.7540364426866536,clock-like (age),COSMIC_v3.2,GRCh38,559
TOV2881EP,SBS3,0.7478652408190736,other,COSMIC_v3.2,GRCh38,559
TOV2881EP,SBS94,0.7387879897169176,other,COSMIC_v3.2,GRCh38,559
TOV2881EP,SBS92,0.6740584891496484,other,COSMIC_v3.2,GRCh38,559
TOV2881EP,SBS24,0.6558942472504741,other,COSMIC_v3.2,GRCh38,559
TOV2881EP,SBS89,0.649204418406812,other,COSMIC_v3.2,GRCh38,559
TOV2881EP,SBS29,0.6468535471884383,other,COSMIC_v3.2,GRCh38,559
TOV2881EP,SBS25,0.6281897161520724,other,COSMIC_v3.2,GRCh38,559
TOV2881EP,SBS4,0.6257852267018061,other,COSMIC_v3.2,GRCh38,559
TOV2881EP,SBS8,0.6035128188820347,other,COSMIC_v3.2,GRCh38,559
TOV2881EP,SBS6,0.5796451403321707,MMR-d / MSI,COSMIC_v3.2,GRCh38,559
TOV2881EP,SBS18,0.5796015855289524,other,COSMIC_v3.2,GRCh38,559
TOV2881EP,SBS15,0.5698030620130738,MMR-d / MSI,COSMIC_v3.2,GRCh38,559
TOV2881EP,SBS35,0.5617915036366795,other,COSMIC_v3.2,GRCh38,559
TOV2881EP,SBS44,0.5513163521201799,MMR-d / MSI,COSMIC_v3.2,GRCh38,559
TOV2881EP,SBS42,0.5476698193334344,other,COSMIC_v3.2,GRCh38,559
TOV2881EP,SBS39,0.5386452461264036,other,COSMIC_v3.2,GRCh38,559
TOV2881EP,SBS31,0.5054166402879006,other,COSMIC_v3.2,GRCh38,559
TOV2881EP,SBS93,0.49045646841576024,other,COSMIC_v3.2,GRCh38,559
TOV2881EP,SBS9,0.46887925847045814,other,COSMIC_v3.2,GRCh38,559
TOV2881EP,SBS87,0.466771144083155,other,COSMIC_v3.2,GRCh38,559
TOV2881EP,SBS10c,0.45538812776183957,POLE proofreading,COSMIC_v3.2,GRCh38,559
TOV2881EP,SBS36,0.4507541535701244,other,COSMIC_v3.2,GRCh38,559
TOV2881EP,SBS1,0.44689281585999596,clock-like (age),COSMIC_v3.2,GRCh38,559
TOV2881EP,SBS23,0.4412371714987576,other,COSMIC_v3.2,GRCh38,559
TOV2881EP,SBS20,0.4249173425267041,MMR-d / MSI,COSMIC_v3.2,GRCh38,559
TOV2881EP,SBS32,0.42315925700681933,other,COSMIC_v3.2,GRCh38,559
TOV2881EP,SBS30,0.42245945193517587,other,COSMIC_v3.2,GRCh38,559
TOV2881EP,SBS37,0.4219890623305245,other,COSMIC_v3.2,GRCh38,559
TOV2881EP,SBS12,0.4207492029323925,other,COSMIC_v3.2,GRCh38,559
TOV2881EP,SBS26,0.40918588553201946,MMR-d / MSI,COSMIC_v3.2,GRCh38,559
TOV2881EP,SBS41,0.4054467369958328,other,COSMIC_v3.2,GRCh38,559
TOV2881EP,SBS84,0.39303929132474663,other,COSMIC_v3.2,GRCh38,559
TOV2881EP,SBS14,0.37783866652172887,MMR-d / MSI,COSMIC_v3.2,GRCh38,559
TOV2881EP,SBS19,0.36693462543898314,other,COSMIC_v3.2,GRCh38,559
TOV2881EP,SBS86,0.36514370756774106,other,COSMIC_v3.2,GRCh38,559
TOV2881EP,SBS11,0.35941146846365934,other,COSMIC_v3.2,GRCh38,559
TOV2881EP,SBS7b,0.3558560493207451,other,COSMIC_v3.2,GRCh38,559
TOV2881EP,SBS16,0.339782069167841,other,COSMIC_v3.2,GRCh38,559
TOV2881EP,SBS38,0.33014538807853855,other,COSMIC_v3.2,GRCh38,559
TOV2881EP,SBS85,0.3231059038734304,other,COSMIC_v3.2,GRCh38,559
TOV2881EP,SBS88,0.3027473400402615,other,COSMIC_v3.2,GRCh38,559
TOV2881EP,SBS10d,0.2955639390251874,POLE proofreading,COSMIC_v3.2,GRCh38,559
TOV2881EP,SBS21,0.2698893801287306,MMR-d / MSI,COSMIC_v3.2,GRCh38,559
TOV2881EP,SBS91,0.26729154204678707,other,COSMIC_v3.2,GRCh38,559
TOV2881EP,SBS7a,0.23684477852245028,other,COSMIC_v3.2,GRCh38,559
TOV2881EP,SBS13,0.21367356231651213,other,COSMIC_v3.2,GRCh38,559
TOV2881EP,SBS33,0.21027135639456657,other,COSMIC_v3.2,GRCh38,559
TOV2881EP,SBS7c,0.20152016905327227,other,COSMIC_v3.2,GRCh38,559
TOV2881EP,SBS7d,0.19871555849168315,other,COSMIC_v3.2,GRCh38,559
TOV2881EP,SBS10a,0.18781125013743932,POLE proofreading,COSMIC_v3.2,GRCh38,559
TOV2881EP,SBS10b,0.18101963459184003,POLE proofreading,COSMIC_v3.2,GRCh38,559
TOV2881EP,SBS22,0.178081986895394,other,COSMIC_v3.2,GRCh38,559
TOV2881EP,SBS17a,0.16778325014407056,other,COSMIC_v3.2,GRCh38,559
TOV2881EP,SBS34,0.14587021264785704,other,COSMIC_v3.2,GRCh38,559
TOV2881EP,SBS2,0.14185712000465164,other,COSMIC_v3.2,GRCh38,559
TOV2881EP,SBS90,0.10548097161934561,other,COSMIC_v3.2,GRCh38,559
TOV2881EP,SBS17b,0.09227654828455319,other,COSMIC_v3.2,GRCh38,559
TOV2881EP,SBS28,0.08826056043493899,POLE proofreading,COSMIC_v3.2,GRCh38,559
TOV2929D,SBS40,0.8014485916532851,clock-like (age),COSMIC_v3.2,GRCh38,883
TOV2929D,SBS5,0.788239034823705,clock-like (age),COSMIC_v3.2,GRCh38,883
TOV2929D,SBS3,0.7802704846498403,other,COSMIC_v3.2,GRCh38,883
TOV2929D,SBS94,0.743089836553061,other,COSMIC_v3.2,GRCh38,883
TOV2929D,SBS89,0.7055761070213319,other,COSMIC_v3.2,GRCh38,883
TOV2929D,SBS4,0.68693510840519,other,COSMIC_v3.2,GRCh38,883
TOV2929D,SBS92,0.6792093296996182,other,COSMIC_v3.2,GRCh38,883
TOV2929D,SBS29,0.6767919242081156,other,COSMIC_v3.2,GRCh38,883
TOV2929D,SBS24,0.6723526784852086,other,COSMIC_v3.2,GRCh38,883
TOV2929D,SBS25,0.6679602171549508,other,COSMIC_v3.2,GRCh38,883
TOV2929D,SBS8,0.6600967309250011,other,COSMIC_v3.2,GRCh38,883
TOV2929D,SBS18,0.6516394429574772,other,COSMIC_v3.2,GRCh38,883
TOV2929D,SBS42,0.601703799292326,other,COSMIC_v3.2,GRCh38,883
TOV2929D,SBS44,0.5928312882241557,MMR-d / MSI,COSMIC_v3.2,GRCh38,883
TOV2929D,SBS6,0.571979803692426,MMR-d / MSI,COSMIC_v3.2,GRCh38,883
TOV2929D,SBS39,0.5560331310524915,other,COSMIC_v3.2,GRCh38,883
TOV2929D,SBS35,0.5425882610007828,other,COSMIC_v3.2,GRCh38,883
TOV2929D,SBS15,0.5399013089038879,MMR-d / MSI,COSMIC_v3.2,GRCh38,883
TOV2929D,SBS36,0.5007468317217572,other,COSMIC_v3.2,GRCh38,883
TOV2929D,SBS32,0.4922074798130978,other,COSMIC_v3.2,GRCh38,883
TOV2929D,SBS84,0.47843298327217343,other,COSMIC_v3.2,GRCh38,883
TOV2929D,SBS10c,0.46778690897242503,POLE proofreading,COSMIC_v3.2,GRCh38,883
TOV2929D,SBS93,0.46705727398510055,other,COSMIC_v3.2,GRCh38,883
TOV2929D,SBS31,0.4580197843267297,other,COSMIC_v3.2,GRCh38,883
TOV2929D,SBS30,0.4554609558958882,other,COSMIC_v3.2,GRCh38,883
TOV2929D,SBS87,0.4493305701697992,other,COSMIC_v3.2,GRCh38,883
TOV2929D,SBS20,0.44426040702901604,MMR-d / MSI,COSMIC_v3.2,GRCh38,883
TOV2929D,SBS23,0.44020207339014567,other,COSMIC_v3.2,GRCh38,883
TOV2929D,SBS9,0.4279270762892965,other,COSMIC_v3.2,GRCh38,883
TOV2929D,SBS14,0.40977383362319963,MMR-d / MSI,COSMIC_v3.2,GRCh38,883
TOV2929D,SBS11,0.39510240874755903,other,COSMIC_v3.2,GRCh38,883
TOV2929D,SBS19,0.3826516028760878,other,COSMIC_v3.2,GRCh38,883
TOV2929D,SBS37,0.3815208921834753,other,COSMIC_v3.2,GRCh38,883
TOV2929D,SBS1,0.3792391109250385,clock-like (age),COSMIC_v3.2,GRCh38,883
TOV2929D,SBS41,0.3790129164440224,other,COSMIC_v3.2,GRCh38,883
TOV2929D,SBS12,0.37774801442748485,other,COSMIC_v3.2,GRCh38,883
TOV2929D,SBS38,0.36414200735477276,other,COSMIC_v3.2,GRCh38,883
TOV2929D,SBS26,0.3591769562194165,MMR-d / MSI,COSMIC_v3.2,GRCh38,883
TOV2929D,SBS86,0.35322282311290093,other,COSMIC_v3.2,GRCh38,883
TOV2929D,SBS7b,0.3524812603749441,other,COSMIC_v3.2,GRCh38,883
TOV2929D,SBS16,0.34990068072484676,other,COSMIC_v3.2,GRCh38,883
TOV2929D,SBS10d,0.3140339530174003,POLE proofreading,COSMIC_v3.2,GRCh38,883
TOV2929D,SBS85,0.2980931866090472,other,COSMIC_v3.2,GRCh38,883
TOV2929D,SBS88,0.2883259299528479,other,COSMIC_v3.2,GRCh38,883
TOV2929D,SBS7a,0.27162531873233453,other,COSMIC_v3.2,GRCh38,883
TOV2929D,SBS10b,0.25017135516482114,POLE proofreading,COSMIC_v3.2,GRCh38,883
TOV2929D,SBS21,0.24949114537963,MMR-d / MSI,COSMIC_v3.2,GRCh38,883
TOV2929D,SBS10a,0.23764195327474763,POLE proofreading,COSMIC_v3.2,GRCh38,883
TOV2929D,SBS91,0.23644130638461508,other,COSMIC_v3.2,GRCh38,883
TOV2929D,SBS7c,0.2283021688322711,other,COSMIC_v3.2,GRCh38,883
TOV2929D,SBS33,0.22296075065295884,other,COSMIC_v3.2,GRCh38,883
TOV2929D,SBS22,0.21840798563153366,other,COSMIC_v3.2,GRCh38,883
TOV2929D,SBS7d,0.2174618266950176,other,COSMIC_v3.2,GRCh38,883
TOV2929D,SBS13,0.19071206352116038,other,COSMIC_v3.2,GRCh38,883
TOV2929D,SBS2,0.17270071824428945,other,COSMIC_v3.2,GRCh38,883
TOV2929D,SBS17a,0.1466841164959777,other,COSMIC_v3.2,GRCh38,883
TOV2929D,SBS90,0.12909485235059953,other,COSMIC_v3.2,GRCh38,883
TOV2929D,SBS34,0.12802973720979224,other,COSMIC_v3.2,GRCh38,883
TOV2929D,SBS28,0.07539925937986482,POLE proofreading,COSMIC_v3.2,GRCh38,883
TOV2929D,SBS17b,0.034327057870955614,other,COSMIC_v3.2,GRCh38,883
TOV3121D,SBS5,0.7791791719392616,clock-like (age),COSMIC_v3.2,GRCh38,316
TOV3121D,SBS40,0.7016833101018207,clock-like (age),COSMIC_v3.2,GRCh38,316
TOV3121D,SBS92,0.694714390706784,other,COSMIC_v3.2,GRCh38,316
TOV3121D,SBS3,0.6806081164297566,other,COSMIC_v3.2,GRCh38,316
TOV3121D,SBS94,0.6659556887948865,other,COSMIC_v3.2,GRCh38,316
TOV3121D,SBS6,0.6357143846744407,MMR-d / MSI,COSMIC_v3.2,GRCh38,316
TOV3121D,SBS87,0.6104579410635146,other,COSMIC_v3.2,GRCh38,316
TOV3121D,SBS31,0.5837002688541273,other,COSMIC_v3.2,GRCh38,316
TOV3121D,SBS30,0.5695929507034447,other,COSMIC_v3.2,GRCh38,316
TOV3121D,SBS25,0.564431770753678,other,COSMIC_v3.2,GRCh38,316
TOV3121D,SBS23,0.5476685099113536,other,COSMIC_v3.2,GRCh38,316
TOV3121D,SBS89,0.5444988285603286,other,COSMIC_v3.2,GRCh38,316
TOV3121D,SBS42,0.5263795572303782,other,COSMIC_v3.2,GRCh38,316
TOV3121D,SBS19,0.5261240059778484,other,COSMIC_v3.2,GRCh38,316
TOV3121D,SBS7b,0.5222819206837517,other,COSMIC_v3.2,GRCh38,316
TOV3121D,SBS1,0.5199357373663401,clock-like (age),COSMIC_v3.2,GRCh38,316
TOV3121D,SBS32,0.5051364918024107,other,COSMIC_v3.2,GRCh38,316
TOV3121D,SBS15,0.5044167100451228,MMR-d / MSI,COSMIC_v3.2,GRCh38,316
TOV3121D,SBS39,0.49885523352853467,other,COSMIC_v3.2,GRCh38,316
TOV3121D,SBS44,0.49695223368262154,MMR-d / MSI,COSMIC_v3.2,GRCh38,316
TOV3121D,SBS35,0.4825916040280787,other,COSMIC_v3.2,GRCh38,316
TOV3121D,SBS4,0.45668410477424637,other,COSMIC_v3.2,GRCh38,316
TOV3121D,SBS24,0.4559425344805968,other,COSMIC_v3.2,GRCh38,316
TOV3121D,SBS11,0.44954846565956424,other,COSMIC_v3.2,GRCh38,316
TOV3121D,SBS8,0.44765234243945645,other,COSMIC_v3.2,GRCh38,316
TOV3121D,SBS29,0.4448999958056521,other,COSMIC_v3.2,GRCh38,316
TOV3121D,SBS18,0.42236632689022124,other,COSMIC_v3.2,GRCh38,316
TOV3121D,SBS84,0.41835482030485016,other,COSMIC_v3.2,GRCh38,316
TOV3121D,SBS93,0.4115597845389686,other,COSMIC_v3.2,GRCh38,316
TOV3121D,SBS37,0.391354019890941,other,COSMIC_v3.2,GRCh38,316
TOV3121D,SBS7a,0.38179736817645726,other,COSMIC_v3.2,GRCh38,316
TOV3121D,SBS9,0.37581789812967564,other,COSMIC_v3.2,GRCh38,316
TOV3121D,SBS26,0.372504172153965,MMR-d / MSI,COSMIC_v3.2,GRCh38,316
TOV3121D,SBS10c,0.3705652403241691,POLE proofreading,COSMIC_v3.2,GRCh38,316
TOV3121D,SBS20,0.36691989727862073,MMR-d / MSI,COSMIC_v3.2,GRCh38,316
TOV3121D,SBS12,0.36307742184555114,other,COSMIC_v3.2,GRCh38,316
TOV3121D,SBS41,0.3511323821638769,other,COSMIC_v3.2,GRCh38,316
TOV3121D,SBS86,0.3510232693085469,other,COSMIC_v3.2,GRCh38,316
TOV3121D,SBS10b,0.3368781358805117,POLE proofreading,COSMIC_v3.2,GRCh38,316
TOV3121D,SBS16,0.3304052655796772,other,COSMIC_v3.2,GRCh38,316
TOV3121D,SBS36,0.31300849244211154,other,COSMIC_v3.2,GRCh38,316
TOV3121D,SBS14,0.30478550253669423,MMR-d / MSI,COSMIC_v3.2,GRCh38,316
TOV3121D,SBS85,0.27785488689892746,other,COSMIC_v3.2,GRCh38,316
TOV3121D,SBS2,0.2759881928693229,other,COSMIC_v3.2,GRCh38,316
TOV3121D,SBS88,0.26107973456406663,other,COSMIC_v3.2,GRCh38,316
TOV3121D,SBS21,0.2543669479483532,MMR-d / MSI,COSMIC_v3.2,GRCh38,316
TOV3121D,SBS7d,0.24755160051882705,other,COSMIC_v3.2,GRCh38,316
TOV3121D,SBS33,0.2273611758788232,other,COSMIC_v3.2,GRCh38,316
TOV3121D,SBS38,0.21774677526347921,other,COSMIC_v3.2,GRCh38,316
TOV3121D,SBS7c,0.21471510242017627,other,COSMIC_v3.2,GRCh38,316
TOV3121D,SBS13,0.19649947907911647,other,COSMIC_v3.2,GRCh38,316
TOV3121D,SBS10d,0.19574170614872038,POLE proofreading,COSMIC_v3.2,GRCh38,316
TOV3121D,SBS17a,0.17396692370498695,other,COSMIC_v3.2,GRCh38,316
TOV3121D,SBS91,0.16299695853236695,other,COSMIC_v3.2,GRCh38,316
TOV3121D,SBS10a,0.15301476795504157,POLE proofreading,COSMIC_v3.2,GRCh38,316
TOV3121D,SBS34,0.10270040505937433,other,COSMIC_v3.2,GRCh38,316
TOV3121D,SBS22,0.09886430137763302,other,COSMIC_v3.2,GRCh38,316
TOV3121D,SBS90,0.0786895765459736,other,COSMIC_v3.2,GRCh38,316
TOV3121D,SBS28,0.05524111940075937,POLE proofreading,COSMIC_v3.2,GRCh38,316
TOV3121D,SBS17b,0.020548432200772068,other,COSMIC_v3.2,GRCh38,316
TOV3121EP,SBS40,0.725380124901725,clock-like (age),COSMIC_v3.2,GRCh38,400
TOV3121EP,SBS5,0.7213394849961764,clock-like (age),COSMIC_v3.2,GRCh38,400
TOV3121EP,SBS3,0.7095838373742313,other,COSMIC_v3.2,GRCh38,400
TOV3121EP,SBS94,0.7036230294165841,other,COSMIC_v3.2,GRCh38,400
TOV3121EP,SBS24,0.6660771851303224,other,COSMIC_v3.2,GRCh38,400
TOV3121EP,SBS92,0.650884430504194,other,COSMIC_v3.2,GRCh38,400
TOV3121EP,SBS29,0.6417876316619762,other,COSMIC_v3.2,GRCh38,400
TOV3121EP,SBS4,0.5977841803918463,other,COSMIC_v3.2,GRCh38,400
TOV3121EP,SBS6,0.5909184847725979,MMR-d / MSI,COSMIC_v3.2,GRCh38,400
TOV3121EP,SBS25,0.5844170981601161,other,COSMIC_v3.2,GRCh38,400
TOV3121EP,SBS18,0.5764317415994581,other,COSMIC_v3.2,GRCh38,400
TOV3121EP,SBS89,0.5690178488272892,other,COSMIC_v3.2,GRCh38,400
TOV3121EP,SBS8,0.5660367189942811,other,COSMIC_v3.2,GRCh38,400
TOV3121EP,SBS42,0.5644766351277168,other,COSMIC_v3.2,GRCh38,400
TOV3121EP,SBS87,0.5394370240869777,other,COSMIC_v3.2,GRCh38,400
TOV3121EP,SBS15,0.5289253597312122,MMR-d / MSI,COSMIC_v3.2,GRCh38,400
TOV3121EP,SBS35,0.5279578468520986,other,COSMIC_v3.2,GRCh38,400
TOV3121EP,SBS39,0.5219151776852831,other,COSMIC_v3.2,GRCh38,400
TOV3121EP,SBS31,0.509636965449206,other,COSMIC_v3.2,GRCh38,400
TOV3121EP,SBS44,0.49182414328377594,MMR-d / MSI,COSMIC_v3.2,GRCh38,400
TOV3121EP,SBS23,0.47270115399229834,other,COSMIC_v3.2,GRCh38,400
TOV3121EP,SBS1,0.47169946066173424,clock-like (age),COSMIC_v3.2,GRCh38,400
TOV3121EP,SBS30,0.4703078185791303,other,COSMIC_v3.2,GRCh38,400
TOV3121EP,SBS36,0.4578904743731089,other,COSMIC_v3.2,GRCh38,400
TOV3121EP,SBS32,0.45378626441746356,other,COSMIC_v3.2,GRCh38,400
TOV3121EP,SBS10c,0.43618831018637727,POLE proofreading,COSMIC_v3.2,GRCh38,400
TOV3121EP,SBS19,0.4216348650711567,other,COSMIC_v3.2,GRCh38,400
TOV3121EP,SBS84,0.4168265875264881,other,COSMIC_v3.2,GRCh38,400
TOV3121EP,SBS93,0.41241597289318405,other,COSMIC_v3.2,GRCh38,400
TOV3121EP,SBS7b,0.3978409476952273,other,COSMIC_v3.2,GRCh38,400
TOV3121EP,SBS9,0.37210689597584706,other,COSMIC_v3.2,GRCh38,400
TOV3121EP,SBS14,0.3699602485501205,MMR-d / MSI,COSMIC_v3.2,GRCh38,400
TOV3121EP,SBS20,0.3687970493338169,MMR-d / MSI,COSMIC_v3.2,GRCh38,400
TOV3121EP,SBS11,0.36791282339194575,other,COSMIC_v3.2,GRCh38,400
TOV3121EP,SBS86,0.3516965404319161,other,COSMIC_v3.2,GRCh38,400
TOV3121EP,SBS37,0.34310370599819034,other,COSMIC_v3.2,GRCh38,400
TOV3121EP,SBS26,0.3372968503876734,MMR-d / MSI,COSMIC_v3.2,GRCh38,400
TOV3121EP,SBS12,0.3336542060198483,other,COSMIC_v3.2,GRCh38,400
TOV3121EP,SBS41,0.3303627588594975,other,COSMIC_v3.2,GRCh38,400
TOV3121EP,SBS10d,0.2911083168711047,POLE proofreading,COSMIC_v3.2,GRCh38,400
TOV3121EP,SBS38,0.2827980174061588,other,COSMIC_v3.2,GRCh38,400
TOV3121EP,SBS16,0.28211528771551786,other,COSMIC_v3.2,GRCh38,400
TOV3121EP,SBS7a,0.2802315730667649,other,COSMIC_v3.2,GRCh38,400
TOV3121EP,SBS21,0.2682866708478603,MMR-d / MSI,COSMIC_v3.2,GRCh38,400
TOV3121EP,SBS85,0.2510288180317335,other,COSMIC_v3.2,GRCh38,400
TOV3121EP,SBS10b,0.23527331817060956,POLE proofreading,COSMIC_v3.2,GRCh38,400
TOV3121EP,SBS10a,0.23025494031127586,POLE proofreading,COSMIC_v3.2,GRCh38,400
TOV3121EP,SBS91,0.22605482760177217,other,COSMIC_v3.2,GRCh38,400
TOV3121EP,SBS7c,0.22318393722134228,other,COSMIC_v3.2,GRCh38,400
TOV3121EP,SBS7d,0.21868087406501618,other,COSMIC_v3.2,GRCh38,400
TOV3121EP,SBS88,0.21211713212143937,other,COSMIC_v3.2,GRCh38,400
TOV3121EP,SBS33,0.2039750782382167,other,COSMIC_v3.2,GRCh38,400
TOV3121EP,SBS2,0.19495524241963497,other,COSMIC_v3.2,GRCh38,400
TOV3121EP,SBS13,0.18950954567051745,other,COSMIC_v3.2,GRCh38,400
TOV3121EP,SBS17a,0.15879937603201202,other,COSMIC_v3.2,GRCh38,400
TOV3121EP,SBS22,0.12465167779201534,other,COSMIC_v3.2,GRCh38,400
TOV3121EP,SBS34,0.11284267248819774,other,COSMIC_v3.2,GRCh38,400
TOV3121EP,SBS90,0.09652266496929732,other,COSMIC_v3.2,GRCh38,400
TOV3121EP,SBS28,0.03413500386609763,POLE proofreading,COSMIC_v3.2,GRCh38,400
TOV3121EP,SBS17b,0.019554825317429934,other,COSMIC_v3.2,GRCh38,400
TOV3133D,SBS5,0.7359489379623468,clock-like (age),COSMIC_v3.2,GRCh38,411
TOV3133D,SBS40,0.7251934918997176,clock-like (age),COSMIC_v3.2,GRCh38,411
TOV3133D,SBS94,0.7203773993846198,other,COSMIC_v3.2,GRCh38,411
TOV3133D,SBS3,0.7135194178072272,other,COSMIC_v3.2,GRCh38,411
TOV3133D,SBS24,0.6883927339075016,other,COSMIC_v3.2,GRCh38,411
TOV3133D,SBS29,0.6487565475471917,other,COSMIC_v3.2,GRCh38,411
TOV3133D,SBS92,0.6328723203550436,other,COSMIC_v3.2,GRCh38,411
TOV3133D,SBS4,0.6148768429347404,other,COSMIC_v3.2,GRCh38,411
TOV3133D,SBS89,0.5774324522889257,other,COSMIC_v3.2,GRCh38,411
TOV3133D,SBS18,0.5627371857312214,other,COSMIC_v3.2,GRCh38,411
TOV3133D,SBS25,0.5605360954902732,other,COSMIC_v3.2,GRCh38,411
TOV3133D,SBS8,0.5579769547546994,other,COSMIC_v3.2,GRCh38,411
TOV3133D,SBS35,0.5576514499176188,other,COSMIC_v3.2,GRCh38,411
TOV3133D,SBS87,0.5405382854794734,other,COSMIC_v3.2,GRCh38,411
TOV3133D,SBS42,0.5398663790990882,other,COSMIC_v3.2,GRCh38,411
TOV3133D,SBS6,0.5335784591752786,MMR-d / MSI,COSMIC_v3.2,GRCh38,411
TOV3133D,SBS39,0.5192621453699006,other,COSMIC_v3.2,GRCh38,411
TOV3133D,SBS31,0.5072304084887147,other,COSMIC_v3.2,GRCh38,411
TOV3133D,SBS44,0.49137744529942784,MMR-d / MSI,COSMIC_v3.2,GRCh38,411
TOV3133D,SBS15,0.4467348686974212,MMR-d / MSI,COSMIC_v3.2,GRCh38,411
TOV3133D,SBS30,0.4394813270715822,other,COSMIC_v3.2,GRCh38,411
TOV3133D,SBS23,0.4362690635146253,other,COSMIC_v3.2,GRCh38,411
TOV3133D,SBS36,0.4283590249903626,other,COSMIC_v3.2,GRCh38,411
TOV3133D,SBS7b,0.416201598589322,other,COSMIC_v3.2,GRCh38,411
TOV3133D,SBS32,0.41297301115498475,other,COSMIC_v3.2,GRCh38,411
TOV3133D,SBS20,0.4054607742885224,MMR-d / MSI,COSMIC_v3.2,GRCh38,411
TOV3133D,SBS1,0.3949268744964667,clock-like (age),COSMIC_v3.2,GRCh38,411
TOV3133D,SBS11,0.3929813756553973,other,COSMIC_v3.2,GRCh38,411
TOV3133D,SBS84,0.39289097223556024,other,COSMIC_v3.2,GRCh38,411
TOV3133D,SBS93,0.3858054216686307,other,COSMIC_v3.2,GRCh38,411
TOV3133D,SBS10c,0.3820667442127075,POLE proofreading,COSMIC_v3.2,GRCh38,411
TOV3133D,SBS9,0.38033667628755147,other,COSMIC_v3.2,GRCh38,411
TOV3133D,SBS14,0.36685255891052315,MMR-d / MSI,COSMIC_v3.2,GRCh38,411
TOV3133D,SBS19,0.3594566006207484,other,COSMIC_v3.2,GRCh38,411
TOV3133D,SBS12,0.35051837329184526,other,COSMIC_v3.2,GRCh38,411
TOV3133D,SBS37,0.3400227741093126,other,COSMIC_v3.2,GRCh38,411
TOV3133D,SBS16,0.3384375854749577,other,COSMIC_v3.2,GRCh38,411
TOV3133D,SBS26,0.3329610228403876,MMR-d / MSI,COSMIC_v3.2,GRCh38,411
TOV3133D,SBS86,0.3230356159911104,other,COSMIC_v3.2,GRCh38,411
TOV3133D,SBS41,0.31759691636209747,other,COSMIC_v3.2,GRCh38,411
TOV3133D,SBS7a,0.31190168454934497,other,COSMIC_v3.2,GRCh38,411
TOV3133D,SBS38,0.2869160161971321,other,COSMIC_v3.2,GRCh38,411
TOV3133D,SBS88,0.27654621144524244,other,COSMIC_v3.2,GRCh38,411
TOV3133D,SBS85,0.24388719589379879,other,COSMIC_v3.2,GRCh38,411
TOV3133D,SBS10d,0.23119026438013818,POLE proofreading,COSMIC_v3.2,GRCh38,411
TOV3133D,SBS13,0.22578798372422193,other,COSMIC_v3.2,GRCh38,411
TOV3133D,SBS7d,0.22333745577909664,other,COSMIC_v3.2,GRCh38,411
TOV3133D,SBS21,0.2215288389555568,MMR-d / MSI,COSMIC_v3.2,GRCh38,411
TOV3133D,SBS7c,0.20858268091586737,other,COSMIC_v3.2,GRCh38,411
TOV3133D,SBS91,0.20718896040687956,other,COSMIC_v3.2,GRCh38,411
TOV3133D,SBS10b,0.1955383784964951,POLE proofreading,COSMIC_v3.2,GRCh38,411
TOV3133D,SBS17a,0.17490886708370323,other,COSMIC_v3.2,GRCh38,411
TOV3133D,SBS33,0.16191995571224,other,COSMIC_v3.2,GRCh38,411
TOV3133D,SBS2,0.15898353373155028,other,COSMIC_v3.2,GRCh38,411
TOV3133D,SBS10a,0.1530787479973781,POLE proofreading,COSMIC_v3.2,GRCh38,411
TOV3133D,SBS22,0.13194455358490864,other,COSMIC_v3.2,GRCh38,411
TOV3133D,SBS34,0.08571592251513094,other,COSMIC_v3.2,GRCh38,411
TOV3133D,SBS90,0.07603514979696338,other,COSMIC_v3.2,GRCh38,411
TOV3133D,SBS28,0.05680704609843977,POLE proofreading,COSMIC_v3.2,GRCh38,411
TOV3133D,SBS17b,0.05387334196793506,other,COSMIC_v3.2,GRCh38,411
TOV3133G,SBS5,0.7929264044723573,clock-like (age),COSMIC_v3.2,GRCh38,430
TOV3133G,SBS40,0.7460073931041585,clock-like (age),COSMIC_v3.2,GRCh38,430
TOV3133G,SBS3,0.7448122248854049,other,COSMIC_v3.2,GRCh38,430
TOV3133G,SBS94,0.7185441659773559,other,COSMIC_v3.2,GRCh38,430
TOV3133G,SBS92,0.6855367830087116,other,COSMIC_v3.2,GRCh38,430
TOV3133G,SBS89,0.6654549843099518,other,COSMIC_v3.2,GRCh38,430
TOV3133G,SBS25,0.6493122675672037,other,COSMIC_v3.2,GRCh38,430
TOV3133G,SBS24,0.5922229333490354,other,COSMIC_v3.2,GRCh38,430
TOV3133G,SBS4,0.5876713072879267,other,COSMIC_v3.2,GRCh38,430
TOV3133G,SBS6,0.584066881843542,MMR-d / MSI,COSMIC_v3.2,GRCh38,430
TOV3133G,SBS35,0.5784598465896567,other,COSMIC_v3.2,GRCh38,430
TOV3133G,SBS29,0.5730920107974636,other,COSMIC_v3.2,GRCh38,430
TOV3133G,SBS87,0.5724956350530755,other,COSMIC_v3.2,GRCh38,430
TOV3133G,SBS8,0.5627196006961268,other,COSMIC_v3.2,GRCh38,430
TOV3133G,SBS39,0.5559187547427827,other,COSMIC_v3.2,GRCh38,430
TOV3133G,SBS31,0.5199553128128973,other,COSMIC_v3.2,GRCh38,430
TOV3133G,SBS44,0.5196871878131013,MMR-d / MSI,COSMIC_v3.2,GRCh38,430
TOV3133G,SBS42,0.5167312641039542,other,COSMIC_v3.2,GRCh38,430
TOV3133G,SBS18,0.5022077633853644,other,COSMIC_v3.2,GRCh38,430
TOV3133G,SBS30,0.4903078959046783,other,COSMIC_v3.2,GRCh38,430
TOV3133G,SBS15,0.47564520974472824,MMR-d / MSI,COSMIC_v3.2,GRCh38,430
TOV3133G,SBS1,0.4746166403121858,clock-like (age),COSMIC_v3.2,GRCh38,430
TOV3133G,SBS32,0.4713945320865144,other,COSMIC_v3.2,GRCh38,430
TOV3133G,SBS93,0.4419084596939279,other,COSMIC_v3.2,GRCh38,430
TOV3133G,SBS7b,0.44055110421098126,other,COSMIC_v3.2,GRCh38,430
TOV3133G,SBS23,0.42779215544107446,other,COSMIC_v3.2,GRCh38,430
TOV3133G,SBS11,0.41349114932650666,other,COSMIC_v3.2,GRCh38,430
TOV3133G,SBS9,0.41027320679326984,other,COSMIC_v3.2,GRCh38,430
TOV3133G,SBS10c,0.40533603866296336,POLE proofreading,COSMIC_v3.2,GRCh38,430
TOV3133G,SBS20,0.40428481543463257,MMR-d / MSI,COSMIC_v3.2,GRCh38,430
TOV3133G,SBS84,0.39746482395613186,other,COSMIC_v3.2,GRCh38,430
TOV3133G,SBS37,0.3810541866172153,other,COSMIC_v3.2,GRCh38,430
TOV3133G,SBS36,0.378398412050454,other,COSMIC_v3.2,GRCh38,430
TOV3133G,SBS26,0.3778709842045407,MMR-d / MSI,COSMIC_v3.2,GRCh38,430
TOV3133G,SBS86,0.37742005403473966,other,COSMIC_v3.2,GRCh38,430
TOV3133G,SBS12,0.3709560493809365,other,COSMIC_v3.2,GRCh38,430
TOV3133G,SBS16,0.3673799854954208,other,COSMIC_v3.2,GRCh38,430
TOV3133G,SBS41,0.3631399074808291,other,COSMIC_v3.2,GRCh38,430
TOV3133G,SBS19,0.35438173888536506,other,COSMIC_v3.2,GRCh38,430
TOV3133G,SBS14,0.3465687084094424,MMR-d / MSI,COSMIC_v3.2,GRCh38,430
TOV3133G,SBS7a,0.3342609428163652,other,COSMIC_v3.2,GRCh38,430
TOV3133G,SBS38,0.30112642402250694,other,COSMIC_v3.2,GRCh38,430
TOV3133G,SBS88,0.286825145142454,other,COSMIC_v3.2,GRCh38,430
TOV3133G,SBS85,0.28410984069662343,other,COSMIC_v3.2,GRCh38,430
TOV3133G,SBS10b,0.2671025438737826,POLE proofreading,COSMIC_v3.2,GRCh38,430
TOV3133G,SBS10d,0.23636600664845367,POLE proofreading,COSMIC_v3.2,GRCh38,430
TOV3133G,SBS7d,0.23200508985376572,other,COSMIC_v3.2,GRCh38,430
TOV3133G,SBS13,0.22797227595267777,other,COSMIC_v3.2,GRCh38,430
TOV3133G,SBS21,0.22602353578316178,MMR-d / MSI,COSMIC_v3.2,GRCh38,430
TOV3133G,SBS33,0.22410569689073354,other,COSMIC_v3.2,GRCh38,430
TOV3133G,SBS22,0.21553350466062218,other,COSMIC_v3.2,GRCh38,430
TOV3133G,SBS91,0.2100836061674778,other,COSMIC_v3.2,GRCh38,430
TOV3133G,SBS2,0.18902473947320927,other,COSMIC_v3.2,GRCh38,430
TOV3133G,SBS7c,0.1814481046394796,other,COSMIC_v3.2,GRCh38,430
TOV3133G,SBS10a,0.16943776600502003,POLE proofreading,COSMIC_v3.2,GRCh38,430
TOV3133G,SBS17a,0.16639103482687648,other,COSMIC_v3.2,GRCh38,430
TOV3133G,SBS34,0.12769294826018626,other,COSMIC_v3.2,GRCh38,430
TOV3133G,SBS90,0.11563545655133788,other,COSMIC_v3.2,GRCh38,430
TOV3133G,SBS28,0.08156547005929346,POLE proofreading,COSMIC_v3.2,GRCh38,430
TOV3133G,SBS17b,0.04524357333704806,other,COSMIC_v3.2,GRCh38,430
TOV3392D,SBS5,0.7418700267523197,clock-like (age),COSMIC_v3.2,GRCh38,427
TOV3392D,SBS40,0.6973238320918763,clock-like (age),COSMIC_v3.2,GRCh38,427
TOV3392D,SBS6,0.6678225195103956,MMR-d / MSI,COSMIC_v3.2,GRCh38,427
TOV3392D,SBS3,0.6600215681375153,other,COSMIC_v3.2,GRCh38,427
TOV3392D,SBS92,0.628781305838709,other,COSMIC_v3.2,GRCh38,427
TOV3392D,SBS94,0.5976955232435418,other,COSMIC_v3.2,GRCh38,427
TOV3392D,SBS89,0.58724012972318,other,COSMIC_v3.2,GRCh38,427
TOV3392D,SBS15,0.5841574032458556,MMR-d / MSI,COSMIC_v3.2,GRCh38,427
TOV3392D,SBS25,0.5836417557913787,other,COSMIC_v3.2,GRCh38,427
TOV3392D,SBS44,0.567653339748025,MMR-d / MSI,COSMIC_v3.2,GRCh38,427
TOV3392D,SBS87,0.5629610596012803,other,COSMIC_v3.2,GRCh38,427
TOV3392D,SBS29,0.5388650526233086,other,COSMIC_v3.2,GRCh38,427
TOV3392D,SBS30,0.5306627422456653,other,COSMIC_v3.2,GRCh38,427
TOV3392D,SBS1,0.5232740829840317,clock-like (age),COSMIC_v3.2,GRCh38,427
TOV3392D,SBS18,0.5181112741551687,other,COSMIC_v3.2,GRCh38,427
TOV3392D,SBS39,0.5096798737045698,other,COSMIC_v3.2,GRCh38,427
TOV3392D,SBS24,0.508165089682495,other,COSMIC_v3.2,GRCh38,427
TOV3392D,SBS4,0.48722397558237235,other,COSMIC_v3.2,GRCh38,427
TOV3392D,SBS42,0.48635592293522395,other,COSMIC_v3.2,GRCh38,427
TOV3392D,SBS32,0.484000090703712,other,COSMIC_v3.2,GRCh38,427
TOV3392D,SBS8,0.4679115835990341,other,COSMIC_v3.2,GRCh38,427
TOV3392D,SBS31,0.4452331205282842,other,COSMIC_v3.2,GRCh38,427
TOV3392D,SBS35,0.4402191730037062,other,COSMIC_v3.2,GRCh38,427
TOV3392D,SBS23,0.4391533915635723,other,COSMIC_v3.2,GRCh38,427
TOV3392D,SBS7b,0.42893116260555,other,COSMIC_v3.2,GRCh38,427
TOV3392D,SBS20,0.41605076829932885,MMR-d / MSI,COSMIC_v3.2,GRCh38,427
TOV3392D,SBS19,0.40803254919548865,other,COSMIC_v3.2,GRCh38,427
TOV3392D,SBS93,0.4060843649632553,other,COSMIC_v3.2,GRCh38,427
TOV3392D,SBS10c,0.40319937494443164,POLE proofreading,COSMIC_v3.2,GRCh38,427
TOV3392D,SBS11,0.40080858041158796,other,COSMIC_v3.2,GRCh38,427
TOV3392D,SBS84,0.40030818776964966,other,COSMIC_v3.2,GRCh38,427
TOV3392D,SBS14,0.39920005757884613,MMR-d / MSI,COSMIC_v3.2,GRCh38,427
TOV3392D,SBS36,0.37582975669315305,other,COSMIC_v3.2,GRCh38,427
TOV3392D,SBS9,0.3755740376901601,other,COSMIC_v3.2,GRCh38,427
TOV3392D,SBS41,0.3455463794933952,other,COSMIC_v3.2,GRCh38,427
TOV3392D,SBS26,0.3347499213387266,MMR-d / MSI,COSMIC_v3.2,GRCh38,427
TOV3392D,SBS7a,0.32785789936709053,other,COSMIC_v3.2,GRCh38,427
TOV3392D,SBS86,0.3276177996561314,other,COSMIC_v3.2,GRCh38,427
TOV3392D,SBS37,0.32707339909078587,other,COSMIC_v3.2,GRCh38,427
TOV3392D,SBS12,0.31594749520982424,other,COSMIC_v3.2,GRCh38,427
TOV3392D,SBS10b,0.28363232758713086,POLE proofreading,COSMIC_v3.2,GRCh38,427
TOV3392D,SBS33,0.27266841956465115,other,COSMIC_v3.2,GRCh38,427
TOV3392D,SBS16,0.2703453635623519,other,COSMIC_v3.2,GRCh38,427
TOV3392D,SBS13,0.2570972554439288,other,COSMIC_v3.2,GRCh38,427
TOV3392D,SBS85,0.24881810252546974,other,COSMIC_v3.2,GRCh38,427
TOV3392D,SBS38,0.24306215677569754,other,COSMIC_v3.2,GRCh38,427
TOV3392D,SBS2,0.24034389437615017,other,COSMIC_v3.2,GRCh38,427
TOV3392D,SBS88,0.23071658630369593,other,COSMIC_v3.2,GRCh38,427
TOV3392D,SBS21,0.21855494698286657,MMR-d / MSI,COSMIC_v3.2,GRCh38,427
TOV3392D,SBS10d,0.21624516993105838,POLE proofreading,COSMIC_v3.2,GRCh38,427
TOV3392D,SBS7d,0.2082732111806337,other,COSMIC_v3.2,GRCh38,427
TOV3392D,SBS10a,0.19710799185967534,POLE proofreading,COSMIC_v3.2,GRCh38,427
TOV3392D,SBS91,0.15879970733558035,other,COSMIC_v3.2,GRCh38,427
TOV3392D,SBS7c,0.15538310938909364,other,COSMIC_v3.2,GRCh38,427
TOV3392D,SBS17a,0.13272514083365206,other,COSMIC_v3.2,GRCh38,427
TOV3392D,SBS22,0.12749845048407718,other,COSMIC_v3.2,GRCh38,427
TOV3392D,SBS28,0.10995567571328829,POLE proofreading,COSMIC_v3.2,GRCh38,427
TOV3392D,SBS34,0.07740444679144742,other,COSMIC_v3.2,GRCh38,427
TOV3392D,SBS17b,0.05526810453335271,other,COSMIC_v3.2,GRCh38,427
TOV3392D,SBS90,0.041318017960393104,other,COSMIC_v3.2,GRCh38,427
TOV81D,SBS5,0.8247148923265339,clock-like (age),COSMIC_v3.2,GRCh38,608
TOV81D,SBS40,0.7728302967339757,clock-like (age),COSMIC_v3.2,GRCh38,608
TOV81D,SBS3,0.7680827960204795,other,COSMIC_v3.2,GRCh38,608
TOV81D,SBS92,0.6910754398100718,other,COSMIC_v3.2,GRCh38,608
TOV81D,SBS89,0.684657839127318,other,COSMIC_v3.2,GRCh38,608
TOV81D,SBS94,0.673099397441256,other,COSMIC_v3.2,GRCh38,608
TOV81D,SBS25,0.6529861776642057,other,COSMIC_v3.2,GRCh38,608
TOV81D,SBS24,0.6370634008659142,other,COSMIC_v3.2,GRCh38,608
TOV81D,SBS29,0.6317081578066917,other,COSMIC_v3.2,GRCh38,608
TOV81D,SBS4,0.6081376586658429,other,COSMIC_v3.2,GRCh38,608
TOV81D,SBS44,0.6075387805783788,MMR-d / MSI,COSMIC_v3.2,GRCh38,608
TOV81D,SBS8,0.5902152775254252,other,COSMIC_v3.2,GRCh38,608
TOV81D,SBS18,0.5705396320713269,other,COSMIC_v3.2,GRCh38,608
TOV81D,SBS42,0.5597283438885021,other,COSMIC_v3.2,GRCh38,608
TOV81D,SBS39,0.5581406815368588,other,COSMIC_v3.2,GRCh38,608
TOV81D,SBS6,0.5394909800229766,MMR-d / MSI,COSMIC_v3.2,GRCh38,608
TOV81D,SBS32,0.4979339854431875,other,COSMIC_v3.2,GRCh38,608
TOV81D,SBS93,0.48765859789746824,other,COSMIC_v3.2,GRCh38,608
TOV81D,SBS35,0.4774233442050095,other,COSMIC_v3.2,GRCh38,608
TOV81D,SBS87,0.462649961051112,other,COSMIC_v3.2,GRCh38,608
TOV81D,SBS20,0.46028485027942273,MMR-d / MSI,COSMIC_v3.2,GRCh38,608
TOV81D,SBS9,0.4585893195425627,other,COSMIC_v3.2,GRCh38,608
TOV81D,SBS37,0.45801403856124684,other,COSMIC_v3.2,GRCh38,608
TOV81D,SBS15,0.4506908173764119,MMR-d / MSI,COSMIC_v3.2,GRCh38,608
TOV81D,SBS84,0.4445242707459291,other,COSMIC_v3.2,GRCh38,608
TOV81D,SBS30,0.4367909737378672,other,COSMIC_v3.2,GRCh38,608
TOV81D,SBS12,0.43166735891885855,other,COSMIC_v3.2,GRCh38,608
TOV81D,SBS26,0.43092590435710554,MMR-d / MSI,COSMIC_v3.2,GRCh38,608
TOV81D,SBS36,0.4295020416435218,other,COSMIC_v3.2,GRCh38,608
TOV81D,SBS10c,0.4212884988544047,POLE proofreading,COSMIC_v3.2,GRCh38,608
TOV81D,SBS14,0.4205667552989387,MMR-d / MSI,COSMIC_v3.2,GRCh38,608
TOV81D,SBS31,0.4166210987629879,other,COSMIC_v3.2,GRCh38,608
TOV81D,SBS16,0.4151051815912574,other,COSMIC_v3.2,GRCh38,608
TOV81D,SBS41,0.3866944559551188,other,COSMIC_v3.2,GRCh38,608
TOV81D,SBS23,0.37218887830567726,other,COSMIC_v3.2,GRCh38,608
TOV81D,SBS1,0.364458253927554,clock-like (age),COSMIC_v3.2,GRCh38,608
TOV81D,SBS11,0.3635321044806336,other,COSMIC_v3.2,GRCh38,608
TOV81D,SBS88,0.3525073332072324,other,COSMIC_v3.2,GRCh38,608
TOV81D,SBS19,0.34983684144615673,other,COSMIC_v3.2,GRCh38,608
TOV81D,SBS86,0.3479605214183052,other,COSMIC_v3.2,GRCh38,608
TOV81D,SBS85,0.3325374454951882,other,COSMIC_v3.2,GRCh38,608
TOV81D,SBS7b,0.33117050158055095,other,COSMIC_v3.2,GRCh38,608
TOV81D,SBS21,0.29948252316012275,MMR-d / MSI,COSMIC_v3.2,GRCh38,608
TOV81D,SBS10b,0.29547778969682187,POLE proofreading,COSMIC_v3.2,GRCh38,608
TOV81D,SBS7d,0.28524659367966654,other,COSMIC_v3.2,GRCh38,608
TOV81D,SBS7a,0.26351260453882636,other,COSMIC_v3.2,GRCh38,608
TOV81D,SBS10d,0.2397857996900593,POLE proofreading,COSMIC_v3.2,GRCh38,608
TOV81D,SBS33,0.23818609938204782,other,COSMIC_v3.2,GRCh38,608
TOV81D,SBS38,0.2214236632457082,other,COSMIC_v3.2,GRCh38,608
TOV81D,SBS7c,0.20274167901805293,other,COSMIC_v3.2,GRCh38,608
TOV81D,SBS91,0.19476944993704903,other,COSMIC_v3.2,GRCh38,608
TOV81D,SBS10a,0.19310406407871894,POLE proofreading,COSMIC_v3.2,GRCh38,608
TOV81D,SBS22,0.18371851759055802,other,COSMIC_v3.2,GRCh38,608
TOV81D,SBS2,0.18247268252819504,other,COSMIC_v3.2,GRCh38,608
TOV81D,SBS13,0.16642222634249346,other,COSMIC_v3.2,GRCh38,608
TOV81D,SBS17a,0.12645647788048384,other,COSMIC_v3.2,GRCh38,608
TOV81D,SBS28,0.11375877070182448,POLE proofreading,COSMIC_v3.2,GRCh38,608
TOV81D,SBS90,0.08140771110500035,other,COSMIC_v3.2,GRCh38,608
TOV81D,SBS34,0.07968727219935048,other,COSMIC_v3.2,GRCh38,608
TOV81D,SBS17b,0.062242336590907284,other,COSMIC_v3.2,GRCh38,608
