cell_line	patient_id	wes_passage	cnv_sample_id	complete_md_cram	published_recal_cram	cnv_input_recal_cram	cnv_input_bam	target_only_cnr	corrected_cns	target_only_cnr_sha256	corrected_cns_sha256	msi_pilot	ascn_pilot	observation
OV1369-R2	1369	P66	OV1369_R2_P66	/project/6090753/active/ovcan_gq_analysis/wes_sarek_results_20251022/preprocessing/markduplicates/OV1369_R2_P66/OV1369_R2_P66.md.cram	/project/6090753/active/ovcan_gq_analysis/wes_sarek_results_20251022/preprocessing/recalibrated/OV1369_R2_P66/OV1369_R2_P66.recal.cram	/project/6090753/active/ovcan_gq_analysis/work/d0/613f050ec629725c37e4d3f2589e67/OV1369_R2_P66.recal.cram	/project/6090753/active/ovcan_gq_analysis/work/a5/a947cdda816a6ac440c35f5a99d7c7/OV1369_R2_P66.recal.bam	/project/6090753/active/ovcan_human/wes/molecular_extension_2026-09-06/inputs/target_only_cnr/OV1369_R2_P66.targetonly.cnr	repo:output/wes_cnv_target_only/OV1369-R2.cns	13704ad8f979bfe7332b7810b28ce733f380c42c9300a3d7c94176a59e287117	7869856ed9acf9b50650c8716462dc2b8a1609c79b3612ce8951cd415da24284	false	true	cluster return 2026-09-06; recheck readability/index/RG before execution
OV2085	OV2085	P64	OV2085_P64	/project/6090753/active/ovcan_gq_analysis/wes_sarek_results_20251022/preprocessing/markduplicates/OV2085_P64/OV2085_P64.md.cram	/project/6090753/active/ovcan_gq_analysis/wes_sarek_results_20251022/preprocessing/recalibrated/OV2085_P64/OV2085_P64.recal.cram	/project/6090753/active/ovcan_gq_analysis/work/33/922deb9286570f183f220b24cef0b7/OV2085_P64.recal.cram	/project/6090753/active/ovcan_gq_analysis/work/9d/5053b19362a37673e25e6137ef2449/OV2085_P64.recal.bam	/project/6090753/active/ovcan_human/wes/molecular_extension_2026-09-06/inputs/target_only_cnr/OV2085_P64.targetonly.cnr	repo:output/wes_cnv_target_only/OV2085.cns	a7c48bea5703ffa494a9fef6783ab4becdc3548326940009772a76c34f85f8dd	5aa4bcc1c6e51feafc4fe8c04d5aa95461b6e40d3296d8bb66079d3bb305b6d4	false	true	cluster return 2026-09-06; recheck readability/index/RG before execution
OV2295	2295	P61	OV2295_P61	/project/6090753/active/ovcan_gq_analysis/wes_sarek_results_20251022/preprocessing/markduplicates/OV2295_P61/OV2295_P61.md.cram	/project/6090753/active/ovcan_gq_analysis/wes_sarek_results_20251022/preprocessing/recalibrated/OV2295_P61/OV2295_P61.recal.cram	/project/6090753/active/ovcan_gq_analysis/work/5e/abe220274b68448e8782d058885e77/OV2295_P61.recal.cram	/project/6090753/active/ovcan_gq_analysis/work/82/d4b4833ef8e3c2d4e18fb540d9357e/OV2295_P61.recal.bam	/project/6090753/active/ovcan_human/wes/molecular_extension_2026-09-06/inputs/target_only_cnr/OV2295_P61.targetonly.cnr	repo:output/wes_cnv_target_only/OV2295.cns	d6c595a1ab01ea520565e35ff82269810ee6d89f47dcd010f19c005f1a1f5f91	4aa5f3ae4cff10ae57a7841a0ed5bc712edab79db80ed43b33ffb1a585dc4ec1	false	false	cluster return 2026-09-06; recheck readability/index/RG before execution
OV2295-R2	2295	P70	OV2295_R2_P70	/project/6090753/active/ovcan_gq_analysis/wes_sarek_results_20251022/preprocessing/markduplicates/OV2295_R2_P70/OV2295_R2_P70.md.cram	/project/6090753/active/ovcan_gq_analysis/wes_sarek_results_20251022/preprocessing/recalibrated/OV2295_R2_P70/OV2295_R2_P70.recal.cram	/project/6090753/active/ovcan_gq_analysis/work/11/21e6f0bc535b4beff8de3148e324b5/OV2295_R2_P70.recal.cram	/project/6090753/active/ovcan_gq_analysis/work/2a/25a0a6a1570955ea5a4fb75b685db4/OV2295_R2_P70.recal.bam	/project/6090753/active/ovcan_human/wes/molecular_extension_2026-09-06/inputs/target_only_cnr/OV2295_R2_P70.targetonly.cnr	repo:output/wes_cnv_target_only/OV2295-R2.cns	521ae55d7531893410a882967d001587dc37376dd6b82d29409f1df17b1464e7	064b83590cbe68544eeb6f6dbf992fb4341c49c6789eea8640e3ba36df666e40	false	false	cluster return 2026-09-06; recheck readability/index/RG before execution
OV3133-R	3133	P71	OV3133_R_P71	/project/6090753/active/ovcan_gq_analysis/wes_sarek_results_20251022/preprocessing/markduplicates/OV3133_R_P71/OV3133_R_P71.md.cram	/project/6090753/active/ovcan_gq_analysis/wes_sarek_results_20251022/preprocessing/recalibrated/OV3133_R_P71/OV3133_R_P71.recal.cram	/project/6090753/active/ovcan_gq_analysis/work/d0/27e0b1505913cf6edb13baa912602b/OV3133_R_P71.recal.cram	/project/6090753/active/ovcan_gq_analysis/work/53/397412953e1df8497ab40f69c887f2/OV3133_R_P71.recal.bam	/project/6090753/active/ovcan_human/wes/molecular_extension_2026-09-06/inputs/target_only_cnr/OV3133_R_P71.targetonly.cnr	repo:output/wes_cnv_target_only/OV3133-R.cns	e41397bf7351224afae092c6cab63449ebaf4ecacafe48e8b0830e2b017cc3b9	adee942b18ee2b1161f42b8ff11251110d65ce301f38b1c19dd94d86802920da	false	false	cluster return 2026-09-06; recheck readability/index/RG before execution
OV3133-R2	3133	P58	OV3133_R2_P58	/project/6090753/active/ovcan_gq_analysis/wes_sarek_results_20251022/preprocessing/markduplicates/OV3133_R2_P58/OV3133_R2_P58.md.cram	/project/6090753/active/ovcan_gq_analysis/wes_sarek_results_20251022/preprocessing/recalibrated/OV3133_R2_P58/OV3133_R2_P58.recal.cram	/project/6090753/active/ovcan_gq_analysis/work/86/ff83a4365815ca3dae42c5278ab822/OV3133_R2_P58.recal.cram	/project/6090753/active/ovcan_gq_analysis/work/5d/8af0742f66349abbb6ec65e3e6b075/OV3133_R2_P58.recal.bam	/project/6090753/active/ovcan_human/wes/molecular_extension_2026-09-06/inputs/target_only_cnr/OV3133_R2_P58.targetonly.cnr	repo:output/wes_cnv_target_only/OV3133-R2.cns	adbc0a8152abccd69c09e237fb3ff48e431e5bc9120e383060bad71bfc2cda3b	72e942126c92298c0f14733ec298305cae480dffb4bd0948273a28a6a4265d9e	false	false	cluster return 2026-09-06; recheck readability/index/RG before execution
OV3291	3291	P46	OV3291_P46	/project/6090753/active/ovcan_gq_analysis/wes_sarek_results_20251022/preprocessing/markduplicates/OV3291_P46/OV3291_P46.md.cram	/project/6090753/active/ovcan_gq_analysis/wes_sarek_results_20251022/preprocessing/recalibrated/OV3291_P46/OV3291_P46.recal.cram	/project/6090753/active/ovcan_gq_analysis/work/ad/d194010792c7140805c7a44427e549/OV3291_P46.recal.cram	/project/6090753/active/ovcan_gq_analysis/work/67/391aefcedee5cff0359f87fc37879a/OV3291_P46.recal.bam	/project/6090753/active/ovcan_human/wes/molecular_extension_2026-09-06/inputs/target_only_cnr/OV3291_P46.targetonly.cnr	repo:output/wes_cnv_target_only/OV3291.cns	e629620b5d7bbacf139d5218a08bd1880621f699b4cfcdfe75ebcc8cd6a02ee5	99d476a8334619ca6f912157bedf9fae286149d73ea4a81ebad13d4a977b88c6	false	false	cluster return 2026-09-06; recheck readability/index/RG before execution
OV3331	OV3331	P54	OV3331_P54	/project/6090753/active/ovcan_gq_analysis/wes_sarek_results_20251022/preprocessing/markduplicates/OV3331_P54/OV3331_P54.md.cram	/project/6090753/active/ovcan_gq_analysis/wes_sarek_results_20251022/preprocessing/recalibrated/OV3331_P54/OV3331_P54.recal.cram	/project/6090753/active/ovcan_gq_analysis/work/f7/38d848dce83a33e1f75ad503e9da02/OV3331_P54.recal.cram	/project/6090753/active/ovcan_gq_analysis/work/9f/bf3df6338ee821bd70926534d54dee/OV3331_P54.recal.bam	/project/6090753/active/ovcan_human/wes/molecular_extension_2026-09-06/inputs/target_only_cnr/OV3331_P54.targetonly.cnr	repo:output/wes_cnv_target_only/OV3331.cns	59813ef240c5684eed6f48d5096c1192a8cf6550883201be22dad052de434b0d	f012ffdb3e7dae00dbe861f88152c83fcbc8a6b5f3f738909f33b671b3651d43	true	true	cluster return 2026-09-06; recheck readability/index/RG before execution
OV90	OV90	P63	OV90_P63	/project/6090753/active/ovcan_gq_analysis/wes_sarek_results_20251022/preprocessing/markduplicates/OV90_P63/OV90_P63.md.cram	/project/6090753/active/ovcan_gq_analysis/wes_sarek_results_20251022/preprocessing/recalibrated/OV90_P63/OV90_P63.recal.cram	/project/6090753/active/ovcan_gq_analysis/work/fb/3f59c81ddc1f5b0513c789fed28795/OV90_P63.recal.cram	/project/6090753/active/ovcan_gq_analysis/work/5a/9c55f01b9d9f3b937491fab0ee693c/OV90_P63.recal.bam	/project/6090753/active/ovcan_human/wes/molecular_extension_2026-09-06/inputs/target_only_cnr/OV90_P63.targetonly.cnr	repo:output/wes_cnv_target_only/OV90.cns	a7b1326e1fe263fe02af1579306bec36737d0b479f6b690ad23b2ec3a6efecc6	c627a89f81fa1f1f9b4d9d20ad6c783c930bdb1d30732c00b501c88bae7e244c	false	false	cluster return 2026-09-06; recheck readability/index/RG before execution
TOV112D	TOV112D	P83	TOV112D_P83	/project/6090753/active/ovcan_gq_analysis/wes_sarek_results_20251022/preprocessing/markduplicates/TOV112D_P83/TOV112D_P83.md.cram	/project/6090753/active/ovcan_gq_analysis/wes_sarek_results_20251022/preprocessing/recalibrated/TOV112D_P83/TOV112D_P83.recal.cram	/project/6090753/active/ovcan_gq_analysis/work/31/111b177225c27ccef0795d03544f32/TOV112D_P83.recal.cram	/project/6090753/active/ovcan_gq_analysis/work/42/00815049b9b01a26e84c3b4fb82f65/TOV112D_P83.recal.bam	/project/6090753/active/ovcan_human/wes/molecular_extension_2026-09-06/inputs/target_only_cnr/TOV112D_P83.targetonly.cnr	repo:output/wes_cnv_target_only/TOV112D.cns	63225b4da0218ab825da8f8e61f80380687b7ca12513fe046904680bdc77f8df	66516103f733ad22e61bb2d5deeff802fd808de4c5fbfea029925894cabed04e	false	false	cluster return 2026-09-06; recheck readability/index/RG before execution
TOV1369	1369	P65	TOV1369_P65	/project/6090753/active/ovcan_gq_analysis/wes_sarek_results_20251022/preprocessing/markduplicates/TOV1369_P65/TOV1369_P65.md.cram	/project/6090753/active/ovcan_gq_analysis/wes_sarek_results_20251022/preprocessing/recalibrated/TOV1369_P65/TOV1369_P65.recal.cram	/project/6090753/active/ovcan_gq_analysis/work/ac/20b784d43bdf723ef2b97717c3d3c8/TOV1369_P65.recal.cram	/project/6090753/active/ovcan_gq_analysis/work/53/1bf2853629a711f0eb15998b1fd9bd/TOV1369_P65.recal.bam	/project/6090753/active/ovcan_human/wes/molecular_extension_2026-09-06/inputs/target_only_cnr/TOV1369_P65.targetonly.cnr	repo:output/wes_cnv_target_only/TOV1369.cns	2d302428de485d09a9b01e6eccc2c5d9bd374bb861cd5d32d4950a063bf462ce	6e3b4ef31d3b57d84c5a227f867bef186644a38a9644cac80d8cc2ca500c1d62	false	false	cluster return 2026-09-06; recheck readability/index/RG before execution
TOV21G	TOV21G	P59	TOV21G_P59	/project/6090753/active/ovcan_gq_analysis/wes_sarek_results_20251022/preprocessing/markduplicates/TOV21G_P59/TOV21G_P59.md.cram	/project/6090753/active/ovcan_gq_analysis/wes_sarek_results_20251022/preprocessing/recalibrated/TOV21G_P59/TOV21G_P59.recal.cram	/project/6090753/active/ovcan_gq_analysis/work/72/bdd29c48786baa2b6111d41c6cb1d3/TOV21G_P59.recal.cram	/project/6090753/active/ovcan_gq_analysis/work/7f/1eda368f1e037f4afbbda4d6425c70/TOV21G_P59.recal.bam	/project/6090753/active/ovcan_human/wes/molecular_extension_2026-09-06/inputs/target_only_cnr/TOV21G_P59.targetonly.cnr	repo:output/wes_cnv_target_only/TOV21G.cns	c8b4324f1c937c59b332b0fcf6fd4cbc1aa136beafa12e34eda79643c70c04ec	634642de25316ddb84f463a94fbb0c2930a26ec1972269edfb3408fa39562088	true	false	cluster return 2026-09-06; recheck readability/index/RG before execution
TOV2295-R	2295	P57	TOV2295_R_P57	/project/6090753/active/ovcan_gq_analysis/wes_sarek_results_20251022/preprocessing/markduplicates/TOV2295_R_P57/TOV2295_R_P57.md.cram	/project/6090753/active/ovcan_gq_analysis/wes_sarek_results_20251022/preprocessing/recalibrated/TOV2295_R_P57/TOV2295_R_P57.recal.cram	/project/6090753/active/ovcan_gq_analysis/work/84/e3c4e73d05de2127eae9bd021660e2/TOV2295_R_P57.recal.cram	/project/6090753/active/ovcan_gq_analysis/work/b6/ecdb564b1632e569b8ba3584395884/TOV2295_R_P57.recal.bam	/project/6090753/active/ovcan_human/wes/molecular_extension_2026-09-06/inputs/target_only_cnr/TOV2295_R_P57.targetonly.cnr	repo:output/wes_cnv_target_only/TOV2295-R.cns	7b549732ad800d6d8cf61930f413fbc1415a6adf3d9e5f6cb995d0116995f5f3	50b282f739f67ba79f1111357c3ea6d093c653120dac1c56226df4078ce0b528	false	false	cluster return 2026-09-06; recheck readability/index/RG before execution
TOV2414	TOV2414	P65	TOV2414_P65	/project/6090753/active/ovcan_gq_analysis/wes_sarek_results_20251022/preprocessing/markduplicates/TOV2414_P65/TOV2414_P65.md.cram	/project/6090753/active/ovcan_gq_analysis/wes_sarek_results_20251022/preprocessing/recalibrated/TOV2414_P65/TOV2414_P65.recal.cram	/project/6090753/active/ovcan_gq_analysis/work/0d/8c12bee6a9df22249f1700cb160899/TOV2414_P65.recal.cram	/project/6090753/active/ovcan_gq_analysis/work/ad/34d92ef2d6e1ba0272c5fd188d3a96/TOV2414_P65.recal.bam	/project/6090753/active/ovcan_human/wes/molecular_extension_2026-09-06/inputs/target_only_cnr/TOV2414_P65.targetonly.cnr	repo:output/wes_cnv_target_only/TOV2414.cns	4b77f12cd9a901729b02826faa4d93cb312f50bde4d92104ace34b7573db3835	fb6bc922c6b493335afc008a6a0cee9f08af0f117f7ceefe9f0dc50eb3505038	true	false	cluster return 2026-09-06; recheck readability/index/RG before execution
TOV2835EP	TOV2835EP	P64	TOV2835EP_P64	/project/6090753/active/ovcan_gq_analysis/wes_sarek_results_20251022/preprocessing/markduplicates/TOV2835EP_P64/TOV2835EP_P64.md.cram	/project/6090753/active/ovcan_gq_analysis/wes_sarek_results_20251022/preprocessing/recalibrated/TOV2835EP_P64/TOV2835EP_P64.recal.cram	/project/6090753/active/ovcan_gq_analysis/work/e4/ddca9ce15d282e581a69f2eccddbcd/TOV2835EP_P64.recal.cram	/project/6090753/active/ovcan_gq_analysis/work/36/d2b6b1fc50b36bdee99aeaaae32dcf/TOV2835EP_P64.recal.bam	/project/6090753/active/ovcan_human/wes/molecular_extension_2026-09-06/inputs/target_only_cnr/TOV2835EP_P64.targetonly.cnr	repo:output/wes_cnv_target_only/TOV2835EP.cns	80f27bae2f68d054433bfc919349d43be7133ed1f94f7d0c620add74e705ea0e	1fcbf43d06e842ceb56a451ad50e6216d2dabb9f07d7e691b1a33cd09256d236	false	false	cluster return 2026-09-06; recheck readability/index/RG before execution
TOV2881EP	TOV2881EP	P64	TOV2881EP_P64	/project/6090753/active/ovcan_gq_analysis/wes_sarek_results_20251022/preprocessing/markduplicates/TOV2881EP_P64/TOV2881EP_P64.md.cram	/project/6090753/active/ovcan_gq_analysis/wes_sarek_results_20251022/preprocessing/recalibrated/TOV2881EP_P64/TOV2881EP_P64.recal.cram	/project/6090753/active/ovcan_gq_analysis/work/93/4903816df509fb3004f40f2841179d/TOV2881EP_P64.recal.cram	/project/6090753/active/ovcan_gq_analysis/work/ec/03f6bb30a3faac68cadaac88840ace/TOV2881EP_P64.recal.bam	/project/6090753/active/ovcan_human/wes/molecular_extension_2026-09-06/inputs/target_only_cnr/TOV2881EP_P64.targetonly.cnr	repo:output/wes_cnv_target_only/TOV2881EP.cns	f8b631eddd9b30a5fef07d4ce10e52ad75aacee85e980b1bddde8f17c18109aa	681465919206f363423c37ac1244aba29e24a0cc2e94f88680794054c16f2c57	false	false	cluster return 2026-09-06; recheck readability/index/RG before execution
TOV2929D	TOV2929D	P57	TOV2929D_P57	/project/6090753/active/ovcan_gq_analysis/wes_sarek_results_20251022/preprocessing/markduplicates/TOV2929D_P57/TOV2929D_P57.md.cram	/project/6090753/active/ovcan_gq_analysis/wes_sarek_results_20251022/preprocessing/recalibrated/TOV2929D_P57/TOV2929D_P57.recal.cram	/project/6090753/active/ovcan_gq_analysis/work/95/0eba3388981a0d0d1cb309c05f455b/TOV2929D_P57.recal.cram	/project/6090753/active/ovcan_gq_analysis/work/e4/cf2272b3a898107c8fd5d1b2d00216/TOV2929D_P57.recal.bam	/project/6090753/active/ovcan_human/wes/molecular_extension_2026-09-06/inputs/target_only_cnr/TOV2929D_P57.targetonly.cnr	repo:output/wes_cnv_target_only/TOV2929D.cns	d0ce695348c9a82488d29735b4503b4e1072694fb8cc6e4d3de7ee434252798f	11a414d11a8037dcf2fd685e78d8d7751550af6d83cb42ee45d37bccd431f6fb	false	true	cluster return 2026-09-06; recheck readability/index/RG before execution
TOV3121D	3121	P68	TOV3121D_P68	/project/6090753/active/ovcan_gq_analysis/wes_sarek_results_20251022/preprocessing/markduplicates/TOV3121D_P68/TOV3121D_P68.md.cram	/project/6090753/active/ovcan_gq_analysis/wes_sarek_results_20251022/preprocessing/recalibrated/TOV3121D_P68/TOV3121D_P68.recal.cram	/project/6090753/active/ovcan_gq_analysis/work/c9/a669938d0a9d22dc6879e224e3e0fa/TOV3121D_P68.recal.cram	/project/6090753/active/ovcan_gq_analysis/work/96/ceaa2123d23bcdaae717012af0de56/TOV3121D_P68.recal.bam	/project/6090753/active/ovcan_human/wes/molecular_extension_2026-09-06/inputs/target_only_cnr/TOV3121D_P68.targetonly.cnr	repo:output/wes_cnv_target_only/TOV3121D.cns	3121362efda106dbcc7908b72d20716f2c3867d36f78097dd27c3dfb4ecfb70c	305c3004ace070ff5da1b19ef219d7b63f6a40dd6f2a80a8c7193765a5f7d0da	false	false	cluster return 2026-09-06; recheck readability/index/RG before execution
TOV3121EP	3121	P68	TOV3121EP_P68	/project/6090753/active/ovcan_gq_analysis/wes_sarek_results_20251022/preprocessing/markduplicates/TOV3121EP_P68/TOV3121EP_P68.md.cram	/project/6090753/active/ovcan_gq_analysis/wes_sarek_results_20251022/preprocessing/recalibrated/TOV3121EP_P68/TOV3121EP_P68.recal.cram	/project/6090753/active/ovcan_gq_analysis/work/2c/2cd27d35ad07c4b55e3ffb66dafa8c/TOV3121EP_P68.recal.cram	/project/6090753/active/ovcan_gq_analysis/work/16/fda4442888f0e2b4b65817a33a17d5/TOV3121EP_P68.recal.bam	/project/6090753/active/ovcan_human/wes/molecular_extension_2026-09-06/inputs/target_only_cnr/TOV3121EP_P68.targetonly.cnr	repo:output/wes_cnv_target_only/TOV3121EP.cns	76b1cbbfb37495298631299e741c557fcd7adf8d829accbeff50a4df04e32e2d	fd866126d6dce68e8435900405b3be595dac5e024618b2d70db8ce7e6e233268	false	false	cluster return 2026-09-06; recheck readability/index/RG before execution
TOV3133D	3133	P66	TOV3133D_P66	/project/6090753/active/ovcan_gq_analysis/wes_sarek_results_20251022/preprocessing/markduplicates/TOV3133D_P66/TOV3133D_P66.md.cram	/project/6090753/active/ovcan_gq_analysis/wes_sarek_results_20251022/preprocessing/recalibrated/TOV3133D_P66/TOV3133D_P66.recal.cram	/project/6090753/active/ovcan_gq_analysis/work/06/853ce3fa56863356e0b211dff97d0f/TOV3133D_P66.recal.cram	/project/6090753/active/ovcan_gq_analysis/work/3d/de394ce78ca6f4f7430349d2d49c90/TOV3133D_P66.recal.bam	/project/6090753/active/ovcan_human/wes/molecular_extension_2026-09-06/inputs/target_only_cnr/TOV3133D_P66.targetonly.cnr	repo:output/wes_cnv_target_only/TOV3133D.cns	c78567d321f69b278b41dcf80b503c645b29f2f1dfaa9c63e759c7e4a1f62872	4ca73f0fbe9c6432e400422b6f1d28e17cfc10c6aeab769a1806745068f3b3b2	false	false	cluster return 2026-09-06; recheck readability/index/RG before execution
TOV3133G	3133	P65	TOV3133G_P65	/project/6090753/active/ovcan_gq_analysis/wes_sarek_results_20251022/preprocessing/markduplicates/TOV3133G_P65/TOV3133G_P65.md.cram	/project/6090753/active/ovcan_gq_analysis/wes_sarek_results_20251022/preprocessing/recalibrated/TOV3133G_P65/TOV3133G_P65.recal.cram	/project/6090753/active/ovcan_gq_analysis/work/6f/00f0abb82c0c82736e3f971d71c875/TOV3133G_P65.recal.cram	/project/6090753/active/ovcan_gq_analysis/work/88/4b018ca712993eb48e717c6f5af079/TOV3133G_P65.recal.bam	/project/6090753/active/ovcan_human/wes/molecular_extension_2026-09-06/inputs/target_only_cnr/TOV3133G_P65.targetonly.cnr	repo:output/wes_cnv_target_only/TOV3133G.cns	b0001886859e96590793ef7263de541aa63e85e2be6e8e3718d572fac2410027	2e268de07eab4a6316d0e45aa15e5de3ea8f9fb5a6e545f04a11fe8d47e3fe7a	false	false	cluster return 2026-09-06; recheck readability/index/RG before execution
TOV3392D	TOV3392D	P69	TOV3392D_P69	/project/6090753/active/ovcan_gq_analysis/wes_sarek_results_20251022/preprocessing/markduplicates/TOV3392D_P69/TOV3392D_P69.md.cram	/project/6090753/active/ovcan_gq_analysis/wes_sarek_results_20251022/preprocessing/recalibrated/TOV3392D_P69/TOV3392D_P69.recal.cram	/project/6090753/active/ovcan_gq_analysis/work/7f/a0bb0e012847edfb44a48894252b71/TOV3392D_P69.recal.cram	/project/6090753/active/ovcan_gq_analysis/work/a0/b412be85b4ae656bd8ffb7530b658f/TOV3392D_P69.recal.bam	/project/6090753/active/ovcan_human/wes/molecular_extension_2026-09-06/inputs/target_only_cnr/TOV3392D_P69.targetonly.cnr	repo:output/wes_cnv_target_only/TOV3392D.cns	2433eac2dfa8cf57dff1dc766ad1993178e1ed638e0277db9a93b515d61d2bbe	793990883098c18675e45128e2565ec76cd1d8446c99736a6b8ab57bd72bbcec	true	false	cluster return 2026-09-06; recheck readability/index/RG before execution
TOV81D	TOV81D	P23	TOV81D_P23	/project/6090753/active/ovcan_gq_analysis/wes_sarek_results_20251022/preprocessing/markduplicates/TOV81D_P23/TOV81D_P23.md.cram	/project/6090753/active/ovcan_gq_analysis/wes_sarek_results_20251022/preprocessing/recalibrated/TOV81D_P23/TOV81D_P23.recal.cram	/project/6090753/active/ovcan_gq_analysis/work/ce/b1463ec76d9d3f6078977ca8ee9c58/TOV81D_P23.recal.cram	/project/6090753/active/ovcan_gq_analysis/work/a5/c66150f956d90d786643f4b3d08453/TOV81D_P23.recal.bam	/project/6090753/active/ovcan_human/wes/molecular_extension_2026-09-06/inputs/target_only_cnr/TOV81D_P23.targetonly.cnr	repo:output/wes_cnv_target_only/TOV81D.cns	51bc3935b4febfbe3cc358745b93ca41919525d6f94d05ca1625990496564597	ef3349ba4bf7b08647e060ec6cc88b0562808078388236bf30eee63e7c561c85	false	true	cluster return 2026-09-06; recheck readability/index/RG before execution
