gene,panel_group,cohort,n_observations,n_patients,spearman,bootstrap_lo,bootstrap_hi,bootstrap_valid,interval_method,protein_isodoping,interpretation
ERBB2,Surface,matched_models,30,27,0.5862068965517242,NA,NA,0,not estimated,True,unadjusted association; subtype/centre/plex/passage not controlled
ERBB2,Surface,selected_patient_representatives,27,27,0.5238095238095237,0.16277048872084737,0.7794375406989362,2000,patient-resampling percentile 95%; descriptive convenience-panel sensitivity,True,unadjusted association; subtype/centre/plex/passage not controlled
ERBB2,Surface,patient_means_of_matched_models,27,27,0.5641025641025642,NA,NA,0,not estimated,True,unadjusted association; subtype/centre/plex/passage not controlled
ERBB2,Surface,HGS_selected_representatives,12,12,0.6923076923076923,0.11825852370565952,0.955719557195572,2000,patient-resampling percentile 95%; descriptive convenience-panel sensitivity,True,unadjusted association; subtype/centre/plex/passage not controlled
ERBB2,Surface,CC_selected_representatives,6,6,0.37142857142857144,-0.8,1.0,2000,patient-resampling percentile 95%; descriptive convenience-panel sensitivity,True,unadjusted association; subtype/centre/plex/passage not controlled
FOLR1,Surface,matched_models,30,27,0.8852057842046718,NA,NA,0,not estimated,False,unadjusted association; subtype/centre/plex/passage not controlled
FOLR1,Surface,selected_patient_representatives,27,27,0.923687423687424,0.824321624943936,0.9612575819964208,2000,patient-resampling percentile 95%; descriptive convenience-panel sensitivity,False,unadjusted association; subtype/centre/plex/passage not controlled
FOLR1,Surface,patient_means_of_matched_models,27,27,0.8943833943833945,NA,NA,0,not estimated,False,unadjusted association; subtype/centre/plex/passage not controlled
FOLR1,Surface,HGS_selected_representatives,12,12,0.8741258741258743,0.5497797881204618,0.978494623655914,2000,patient-resampling percentile 95%; descriptive convenience-panel sensitivity,False,unadjusted association; subtype/centre/plex/passage not controlled
FOLR1,Surface,CC_selected_representatives,6,6,0.8285714285714286,0.0,1.0,2000,patient-resampling percentile 95%; descriptive convenience-panel sensitivity,False,unadjusted association; subtype/centre/plex/passage not controlled
MSLN,Surface,matched_models,30,27,0.8450924496287188,NA,NA,0,not estimated,False,unadjusted association; subtype/centre/plex/passage not controlled
MSLN,Surface,selected_patient_representatives,27,27,0.8387295395106106,0.6568522409086358,0.9192196214427449,2000,patient-resampling percentile 95%; descriptive convenience-panel sensitivity,False,unadjusted association; subtype/centre/plex/passage not controlled
MSLN,Surface,patient_means_of_matched_models,27,27,0.8295664345632988,NA,NA,0,not estimated,False,unadjusted association; subtype/centre/plex/passage not controlled
MSLN,Surface,HGS_selected_representatives,12,12,0.8161133356141733,0.45427396469596415,0.9587212667147633,2000,patient-resampling percentile 95%; descriptive convenience-panel sensitivity,False,unadjusted association; subtype/centre/plex/passage not controlled
MSLN,Surface,CC_selected_representatives,6,6,0.7714285714285715,0.0,1.0,2000,patient-resampling percentile 95%; descriptive convenience-panel sensitivity,False,unadjusted association; subtype/centre/plex/passage not controlled
TACSTD2,Surface,matched_models,30,27,0.896546264203802,NA,NA,0,not estimated,False,unadjusted association; subtype/centre/plex/passage not controlled
TACSTD2,Surface,selected_patient_representatives,27,27,0.8824291210523107,0.7398438149946713,0.938253313500077,2000,patient-resampling percentile 95%; descriptive convenience-panel sensitivity,False,unadjusted association; subtype/centre/plex/passage not controlled
TACSTD2,Surface,patient_means_of_matched_models,27,27,0.8885528484711332,NA,NA,0,not estimated,False,unadjusted association; subtype/centre/plex/passage not controlled
TACSTD2,Surface,HGS_selected_representatives,12,12,0.9790209790209791,0.8704563356613979,1.0,2000,patient-resampling percentile 95%; descriptive convenience-panel sensitivity,False,unadjusted association; subtype/centre/plex/passage not controlled
TACSTD2,Surface,CC_selected_representatives,6,6,0.08571428571428572,-1.0,1.0,2000,patient-resampling percentile 95%; descriptive convenience-panel sensitivity,False,unadjusted association; subtype/centre/plex/passage not controlled
SLC34A2,Surface,matched_models,30,27,0.7815350389321468,NA,NA,0,not estimated,False,unadjusted association; subtype/centre/plex/passage not controlled
SLC34A2,Surface,selected_patient_representatives,27,27,0.736874236874237,0.45573104898025896,0.8793738438255896,2000,patient-resampling percentile 95%; descriptive convenience-panel sensitivity,False,unadjusted association; subtype/centre/plex/passage not controlled
SLC34A2,Surface,patient_means_of_matched_models,27,27,0.7466422466422468,NA,NA,0,not estimated,False,unadjusted association; subtype/centre/plex/passage not controlled
SLC34A2,Surface,HGS_selected_representatives,12,12,0.7972027972027972,0.3718308406395049,0.9574505676264943,2000,patient-resampling percentile 95%; descriptive convenience-panel sensitivity,False,unadjusted association; subtype/centre/plex/passage not controlled
SLC34A2,Surface,CC_selected_representatives,6,6,0.6571428571428571,-0.5,1.0,1999,patient-resampling percentile 95%; descriptive convenience-panel sensitivity,False,unadjusted association; subtype/centre/plex/passage not controlled
CDH6,Surface,matched_models,30,27,0.7228031145717461,NA,NA,0,not estimated,False,unadjusted association; subtype/centre/plex/passage not controlled
CDH6,Surface,selected_patient_representatives,27,27,0.6862026862026861,0.44680194133006834,0.834498684433625,2000,patient-resampling percentile 95%; descriptive convenience-panel sensitivity,False,unadjusted association; subtype/centre/plex/passage not controlled
CDH6,Surface,patient_means_of_matched_models,27,27,0.7222222222222222,NA,NA,0,not estimated,False,unadjusted association; subtype/centre/plex/passage not controlled
CDH6,Surface,HGS_selected_representatives,12,12,0.6013986013986015,-0.0653397240494144,0.9283154121863799,2000,patient-resampling percentile 95%; descriptive convenience-panel sensitivity,False,unadjusted association; subtype/centre/plex/passage not controlled
CDH6,Surface,CC_selected_representatives,6,6,0.6,-0.5,1.0,2000,patient-resampling percentile 95%; descriptive convenience-panel sensitivity,False,unadjusted association; subtype/centre/plex/passage not controlled
CD276,Surface,matched_models,30,27,0.689432703003337,NA,NA,0,not estimated,False,unadjusted association; subtype/centre/plex/passage not controlled
CD276,Surface,selected_patient_representatives,27,27,0.6227106227106228,0.2784853389530546,0.8376928882444964,2000,patient-resampling percentile 95%; descriptive convenience-panel sensitivity,False,unadjusted association; subtype/centre/plex/passage not controlled
CD276,Surface,patient_means_of_matched_models,27,27,0.6428571428571429,NA,NA,0,not estimated,False,unadjusted association; subtype/centre/plex/passage not controlled
CD276,Surface,HGS_selected_representatives,12,12,0.41958041958041953,-0.15270800842704316,0.7833935018050542,2000,patient-resampling percentile 95%; descriptive convenience-panel sensitivity,False,unadjusted association; subtype/centre/plex/passage not controlled
CD276,Surface,CC_selected_representatives,6,6,0.37142857142857144,-0.7419354838709677,1.0,2000,patient-resampling percentile 95%; descriptive convenience-panel sensitivity,False,unadjusted association; subtype/centre/plex/passage not controlled
VTCN1,Surface,matched_models,30,27,0.8051167964404893,NA,NA,0,not estimated,True,unadjusted association; subtype/centre/plex/passage not controlled
VTCN1,Surface,selected_patient_representatives,27,27,0.7777777777777777,0.5365525452207601,0.9024846480083163,2000,patient-resampling percentile 95%; descriptive convenience-panel sensitivity,True,unadjusted association; subtype/centre/plex/passage not controlled
VTCN1,Surface,patient_means_of_matched_models,27,27,0.7857142857142856,NA,NA,0,not estimated,True,unadjusted association; subtype/centre/plex/passage not controlled
VTCN1,Surface,HGS_selected_representatives,12,12,0.881118881118881,0.44285714285714284,1.0,2000,patient-resampling percentile 95%; descriptive convenience-panel sensitivity,True,unadjusted association; subtype/centre/plex/passage not controlled
VTCN1,Surface,CC_selected_representatives,6,6,0.7714285714285714,-0.09090909090909091,1.0,2000,patient-resampling percentile 95%; descriptive convenience-panel sensitivity,True,unadjusted association; subtype/centre/plex/passage not controlled
DPEP3,Surface,matched_models,0,0,NA,NA,NA,0,not estimated,NA,unadjusted association; subtype/centre/plex/passage not controlled
DPEP3,Surface,selected_patient_representatives,0,0,NA,NA,NA,0,not estimated,NA,unadjusted association; subtype/centre/plex/passage not controlled
DPEP3,Surface,patient_means_of_matched_models,0,0,NA,NA,NA,0,not estimated,NA,unadjusted association; subtype/centre/plex/passage not controlled
DPEP3,Surface,HGS_selected_representatives,0,0,NA,NA,NA,0,not estimated,NA,unadjusted association; subtype/centre/plex/passage not controlled
DPEP3,Surface,CC_selected_representatives,0,0,NA,NA,NA,0,not estimated,NA,unadjusted association; subtype/centre/plex/passage not controlled
ESR1,Endocrine,matched_models,30,27,-0.18851548718344074,NA,NA,0,not estimated,True,unadjusted association; subtype/centre/plex/passage not controlled
ESR1,Endocrine,selected_patient_representatives,27,27,-0.25656693852473145,-0.6027737884312937,0.1354464382061427,2000,patient-resampling percentile 95%; descriptive convenience-panel sensitivity,True,unadjusted association; subtype/centre/plex/passage not controlled
ESR1,Endocrine,patient_means_of_matched_models,27,27,-0.25351257020896095,NA,NA,0,not estimated,True,unadjusted association; subtype/centre/plex/passage not controlled
ESR1,Endocrine,HGS_selected_representatives,12,12,-0.29370629370629375,-0.8085106382978723,0.3333333333333333,2000,patient-resampling percentile 95%; descriptive convenience-panel sensitivity,True,unadjusted association; subtype/centre/plex/passage not controlled
ESR1,Endocrine,CC_selected_representatives,6,6,0.08571428571428563,-0.92,1.0,1999,patient-resampling percentile 95%; descriptive convenience-panel sensitivity,True,unadjusted association; subtype/centre/plex/passage not controlled
PGR,Endocrine,matched_models,0,0,NA,NA,NA,0,not estimated,NA,unadjusted association; subtype/centre/plex/passage not controlled
PGR,Endocrine,selected_patient_representatives,0,0,NA,NA,NA,0,not estimated,NA,unadjusted association; subtype/centre/plex/passage not controlled
PGR,Endocrine,patient_means_of_matched_models,0,0,NA,NA,NA,0,not estimated,NA,unadjusted association; subtype/centre/plex/passage not controlled
PGR,Endocrine,HGS_selected_representatives,0,0,NA,NA,NA,0,not estimated,NA,unadjusted association; subtype/centre/plex/passage not controlled
PGR,Endocrine,CC_selected_representatives,0,0,NA,NA,NA,0,not estimated,NA,unadjusted association; subtype/centre/plex/passage not controlled
MLH1,MMR,matched_models,30,27,0.5038932146829811,NA,NA,0,not estimated,False,unadjusted association; subtype/centre/plex/passage not controlled
MLH1,MMR,selected_patient_representatives,27,27,0.554945054945055,0.15775661949620082,0.8289159049401569,2000,patient-resampling percentile 95%; descriptive convenience-panel sensitivity,False,unadjusted association; subtype/centre/plex/passage not controlled
MLH1,MMR,patient_means_of_matched_models,27,27,0.5482295482295482,NA,NA,0,not estimated,False,unadjusted association; subtype/centre/plex/passage not controlled
MLH1,MMR,HGS_selected_representatives,12,12,0.4265734265734265,-0.2714285714285714,0.8772714746327885,2000,patient-resampling percentile 95%; descriptive convenience-panel sensitivity,False,unadjusted association; subtype/centre/plex/passage not controlled
MLH1,MMR,CC_selected_representatives,6,6,0.8285714285714286,0.0,1.0,1998,patient-resampling percentile 95%; descriptive convenience-panel sensitivity,False,unadjusted association; subtype/centre/plex/passage not controlled
PMS2,MMR,matched_models,30,27,0.44738598442714134,NA,NA,0,not estimated,False,unadjusted association; subtype/centre/plex/passage not controlled
PMS2,MMR,selected_patient_representatives,27,27,0.5457875457875457,0.1503025338534652,0.8344259772237611,2000,patient-resampling percentile 95%; descriptive convenience-panel sensitivity,False,unadjusted association; subtype/centre/plex/passage not controlled
PMS2,MMR,patient_means_of_matched_models,27,27,0.5305250305250304,NA,NA,0,not estimated,False,unadjusted association; subtype/centre/plex/passage not controlled
PMS2,MMR,HGS_selected_representatives,12,12,0.5454545454545455,0.007116788321167893,0.9563792766373411,2000,patient-resampling percentile 95%; descriptive convenience-panel sensitivity,False,unadjusted association; subtype/centre/plex/passage not controlled
PMS2,MMR,CC_selected_representatives,6,6,0.028571428571428623,-1.0,1.0,1999,patient-resampling percentile 95%; descriptive convenience-panel sensitivity,False,unadjusted association; subtype/centre/plex/passage not controlled
MSH2,MMR,matched_models,30,27,0.4015572858731925,NA,NA,0,not estimated,False,unadjusted association; subtype/centre/plex/passage not controlled
MSH2,MMR,selected_patient_representatives,27,27,0.3821733821733823,-0.048242629369816964,0.7267433717005293,2000,patient-resampling percentile 95%; descriptive convenience-panel sensitivity,False,unadjusted association; subtype/centre/plex/passage not controlled
MSH2,MMR,patient_means_of_matched_models,27,27,0.4200244200244201,NA,NA,0,not estimated,False,unadjusted association; subtype/centre/plex/passage not controlled
MSH2,MMR,HGS_selected_representatives,12,12,0.04895104895104892,-0.7634619815668202,0.720658635794743,2000,patient-resampling percentile 95%; descriptive convenience-panel sensitivity,False,unadjusted association; subtype/centre/plex/passage not controlled
MSH2,MMR,CC_selected_representatives,6,6,0.6571428571428571,-0.4556818181818181,1.0,2000,patient-resampling percentile 95%; descriptive convenience-panel sensitivity,False,unadjusted association; subtype/centre/plex/passage not controlled
MSH6,MMR,matched_models,30,27,0.21957730812013354,NA,NA,0,not estimated,False,unadjusted association; subtype/centre/plex/passage not controlled
MSH6,MMR,selected_patient_representatives,27,27,0.2735042735042735,-0.15272711544940495,0.6207241890768147,2000,patient-resampling percentile 95%; descriptive convenience-panel sensitivity,False,unadjusted association; subtype/centre/plex/passage not controlled
MSH6,MMR,patient_means_of_matched_models,27,27,0.1556776556776557,NA,NA,0,not estimated,False,unadjusted association; subtype/centre/plex/passage not controlled
MSH6,MMR,HGS_selected_representatives,12,12,0.13986013986013993,-0.7164401569653368,0.7769984012789768,2000,patient-resampling percentile 95%; descriptive convenience-panel sensitivity,False,unadjusted association; subtype/centre/plex/passage not controlled
MSH6,MMR,CC_selected_representatives,6,6,0.37142857142857144,-0.8064516129032258,1.0,1999,patient-resampling percentile 95%; descriptive convenience-panel sensitivity,False,unadjusted association; subtype/centre/plex/passage not controlled
SMARCA4,SWI/SNF,matched_models,30,27,0.09677419354838705,NA,NA,0,not estimated,False,unadjusted association; subtype/centre/plex/passage not controlled
SMARCA4,SWI/SNF,selected_patient_representatives,27,27,0.14102564102564114,-0.3503327505150502,0.5553630656988423,2000,patient-resampling percentile 95%; descriptive convenience-panel sensitivity,False,unadjusted association; subtype/centre/plex/passage not controlled
SMARCA4,SWI/SNF,patient_means_of_matched_models,27,27,0.15750915750915753,NA,NA,0,not estimated,False,unadjusted association; subtype/centre/plex/passage not controlled
SMARCA4,SWI/SNF,HGS_selected_representatives,12,12,0.05594405594405596,-0.6705069124423962,0.7292743760558441,2000,patient-resampling percentile 95%; descriptive convenience-panel sensitivity,False,unadjusted association; subtype/centre/plex/passage not controlled
SMARCA4,SWI/SNF,CC_selected_representatives,6,6,0.8285714285714286,0.0,1.0,2000,patient-resampling percentile 95%; descriptive convenience-panel sensitivity,False,unadjusted association; subtype/centre/plex/passage not controlled
SMARCA2,SWI/SNF,matched_models,30,27,0.43314794215795355,NA,NA,0,not estimated,False,unadjusted association; subtype/centre/plex/passage not controlled
SMARCA2,SWI/SNF,selected_patient_representatives,27,27,0.4871794871794871,0.0989207740512473,0.7546028228694933,2000,patient-resampling percentile 95%; descriptive convenience-panel sensitivity,False,unadjusted association; subtype/centre/plex/passage not controlled
SMARCA2,SWI/SNF,patient_means_of_matched_models,27,27,0.5134310134310135,NA,NA,0,not estimated,False,unadjusted association; subtype/centre/plex/passage not controlled
SMARCA2,SWI/SNF,HGS_selected_representatives,12,12,0.5174825174825175,-0.19283740632127727,0.9785714285714285,2000,patient-resampling percentile 95%; descriptive convenience-panel sensitivity,False,unadjusted association; subtype/centre/plex/passage not controlled
SMARCA2,SWI/SNF,CC_selected_representatives,6,6,0.6571428571428571,0.0,1.0,2000,patient-resampling percentile 95%; descriptive convenience-panel sensitivity,False,unadjusted association; subtype/centre/plex/passage not controlled
ARID1A,SWI/SNF,matched_models,30,27,0.1114571746384873,NA,NA,0,not estimated,True,unadjusted association; subtype/centre/plex/passage not controlled
ARID1A,SWI/SNF,selected_patient_representatives,27,27,0.22649572649572636,-0.17409657702321524,0.5856689721905438,2000,patient-resampling percentile 95%; descriptive convenience-panel sensitivity,True,unadjusted association; subtype/centre/plex/passage not controlled
ARID1A,SWI/SNF,patient_means_of_matched_models,27,27,0.20329670329670332,NA,NA,0,not estimated,True,unadjusted association; subtype/centre/plex/passage not controlled
ARID1A,SWI/SNF,HGS_selected_representatives,12,12,0.33566433566433557,-0.3098228728566807,0.8260951599671862,2000,patient-resampling percentile 95%; descriptive convenience-panel sensitivity,True,unadjusted association; subtype/centre/plex/passage not controlled
ARID1A,SWI/SNF,CC_selected_representatives,6,6,-0.42857142857142855,-1.0,0.8,1999,patient-resampling percentile 95%; descriptive convenience-panel sensitivity,True,unadjusted association; subtype/centre/plex/passage not controlled
CCNE1,Cell cycle,matched_models,30,27,0.12302558398220252,NA,NA,0,not estimated,True,unadjusted association; subtype/centre/plex/passage not controlled
CCNE1,Cell cycle,selected_patient_representatives,27,27,0.13247863247863245,-0.2580809612955612,0.4809901231877796,2000,patient-resampling percentile 95%; descriptive convenience-panel sensitivity,True,unadjusted association; subtype/centre/plex/passage not controlled
CCNE1,Cell cycle,patient_means_of_matched_models,27,27,0.09035409035409037,NA,NA,0,not estimated,True,unadjusted association; subtype/centre/plex/passage not controlled
CCNE1,Cell cycle,HGS_selected_representatives,12,12,0.11888111888111885,-0.4664464574571336,0.721437969924812,2000,patient-resampling percentile 95%; descriptive convenience-panel sensitivity,True,unadjusted association; subtype/centre/plex/passage not controlled
CCNE1,Cell cycle,CC_selected_representatives,6,6,0.4857142857142857,-0.8,1.0,1999,patient-resampling percentile 95%; descriptive convenience-panel sensitivity,True,unadjusted association; subtype/centre/plex/passage not controlled
